id;start time;end time;survey group;first category;second category;third category;first  recipes order;second recipes order;third recipes order;first selected recipe;second selected recipe;third selected recipe;first nudged recipe;second nudged recipe;third nudged recipe;first decision time;second decision time;third decision time;first decision - difficulty;first decision - satisfaction;first decision - confidence;first decision - navigation;first decision - belief;first decision - repeated selection;first motivation text;second decision - difficulty;second decision - satisfaction;second decision - confidence;second decision - navigation;second decision - belief;second decision - repeated selection;second motivation text;third decision - difficulty;third decision - satisfaction;third decision - confidence;third decision - navigation;third decision - belief;third decision - repeated selection;third motivation text;Q1;Q2;attention check;Q3;Q4;Q5;Q6;Q7;Q8;age;gender;survey comment;group
1146;2020-11-19 14:36:26.497358;2020-11-19 15:05:04.525784;False;1;4;5;1, 5, 4, 2, 6, 3; 1, 5, 3, 4, 2, 6; 4, 2, 5, 3, 1, 6;5;1;1;0;0;0;643,935299;154,804749;90,679369;6;7;7;6;7;6; Eggplant parmesan tastes very similar to regular chicken parmesan;7;6;7;6;7;7; ITS DELICIOUS ;6;7;6;6;7;7; DELICIOUS;7;6;2;6;7;7;6;7;7;younger than 26;1;;Control
3405;2020-11-09 09:17:51.999392;2020-11-09 09:23:34.132955;False;1;2;4;1, 5, 4, 2, 6, 3; 3, 1, 5, 2, 6, 4; 1, 5, 3, 4, 2, 6;3;3;6;0;0;0;55,62136;42,135042;27,771027;1;6;6;6;7;7;  would have thought a gender oriented decision would upset you;6;5;5;6;7;7; nice;5;5;5;6;6;6; good;6;6;2;7;7;6;6;5;6;26 - 35;2;good ;Control
4011;2020-11-09 08:49:37.521096;2020-11-09 09:04:53.469057;False;1;2;4;1, 5, 4, 2, 6, 3; 3, 1, 5, 2, 6, 4; 1, 5, 3, 4, 2, 6;1;5;6;0;0;0;131,26101;94,558048;85,549887;7;6;6;1;7;7; MOSTLY I LOVE IN MEXICAN TYPE RECEPIES , SO THIS MEXICAN STUFF WITH ROLLED ROTI OR SHAWARMA BASE WILL BE THE GOOD COMBINATION THAN OTHERS .;4;6;6;4;6;6; WE USUALLY  CONSUME ZUCCHINI AS RAW BUT GRINDING ZUCCINI WITH SOME ROASTED SANDWICH BREAD WILL GIVES THE BETTER COMBINATON. ;3;7;7;7;7;7; GRILLED FISH IS AWESOME, BUT ADD ON WE WERE ADDING SPICY MASALA WITH TANGO TASTER AND GARLIC PASTE ALONG WITH WHITE SAUCE GIVES AN EXCELLENT DISH.;7;4;2;7;7;7;7;7;5;36 - 45;1;NICE SURVEY ......;Control
4326;2020-11-09 09:48:51.649365;2020-11-09 09:57:10.708872;False;2;4;5;3, 1, 5, 2, 6, 4; 1, 5, 3, 4, 2, 6; 4, 2, 5, 3, 1, 6;1;3;2;0;0;0;117,755093;89,537391;81,788127;5;6;7;6;5;4;  the sandwiches  good;5;6;7;6;5;6;  good;5;6;5;4;6;5; the clour full nices;5;4;2;4;5;6;5;4;5;26 - 35;2;good;Control
4921;2020-11-17 14:55:35.897369;2020-11-17 15:12:45.525552;False;1;2;5;1, 5, 4, 2, 6, 3; 3, 1, 5, 2, 6, 4; 4, 2, 5, 3, 1, 6;4;1;2;0;0;0;186,513583;125,459955;64,04069;4;7;6;5;5;1; I like ti cook pizza. It is also my favourite one.;6;6;5;5;4;3; Compare to all other dish I like chicken Sandwiches with zang.;6;6;6;5;5;1; I like the choco chip spread. ;7;7;2;4;6;7;6;6;5;26 - 35;2;Eating healthy food is very important in my life.;Control
5740;2020-11-09 09:00:34.927420;2020-11-09 09:33:53.462541;False;1;4;5;1, 5, 4, 2, 6, 3; 1, 5, 3, 4, 2, 6; 4, 2, 5, 3, 1, 6;4;3;2;0;0;0;74,028174;39,685303;29,37115;2;6;5;6;6;5;  ;2;6;6;5;4;5;  ;3;6;6;5;4;6;  ;6;5;2;5;6;6;6;5;4;younger than 26;1;;Control
7150;2020-11-19 14:43:17.070684;2020-11-19 14:49:17.325434;False;1;4;5;1, 5, 4, 2, 6, 3; 1, 5, 3, 4, 2, 6; 4, 2, 5, 3, 1, 6;6;4;1;0;0;0;57,034153;43,128536;51,231736;1;7;7;7;7;7; I love black beans in a burger!;1;7;7;7;7;7; Great meal for family! Tasty and easy to do!;4;7;7;7;7;7; Very diverse and great flavors.;7;7;2;7;7;7;7;6;7;36 - 45;2;TY!;Control
8211;2020-11-09 09:08:51.762155;2020-11-09 09:17:08.931324;False;2;3;5;3, 1, 5, 2, 6, 4; 2, 1, 4, 3, 6, 5; 4, 2, 5, 3, 1, 6;3;5;1;0;0;0;50,344313;69,041539;28,00307;6;7;6;5;6;3; I LOVE SANDWICHES.  ACTUALLY I AM ALREADY EXPERIENCED AHOUT THIS VIETANAMESE SANDWICH.;6;7;6;5;6;4; GENERALLY I LOVE PASTA.  PUMPKIN PASTA HAS DELICIOUS TASTE.  I LOVED IT.;7;6;5;6;7;5; I LOVE DESSERTS. ESPECIALLY I LOVE CHOCOLATE DESSERT.  THIS IS ONE OF MY FAVORITE DESSERTS.;6;7;2;5;6;7;6;5;6;26 - 35;2;NICE STUDY.;Control
8770;2020-11-17 14:54:59.546789;2020-11-17 15:02:01.057029;False;1;2;5;1, 5, 4, 2, 6, 3; 3, 1, 5, 2, 6, 4; 4, 2, 5, 3, 1, 6;1;4;3;0;0;0;50,793628;35,697153;16,706347;6;5;6;7;6;5; so delicious;6;5;6;7;6;5; very interesting;6;5;6;7;6;7; tasty;5;6;2;5;4;5;6;5;6;26 - 35;1;good;Control
13486;2020-11-09 09:03:40.773499;2020-11-09 09:25:10.103245;False;1;2;5;1, 5, 4, 2, 6, 3; 3, 1, 5, 2, 6, 4; 4, 2, 5, 3, 1, 6;3;4;6;0;0;0;168,429218;316,141124;302,266726;3;4;5;6;5;5; mhy favorite one;3;5;6;6;7;6; my favorite dish;3;4;5;5;6;6; my favorite dish;3;4;2;3;3;4;4;5;5;younger than 26;1;good;Control
16441;2020-11-19 15:53:25.260732;2020-11-19 16:05:03.872809;False;1;3;5;1, 5, 4, 2, 6, 3; 2, 1, 4, 3, 6, 5; 4, 2, 5, 3, 1, 6;5;1;1;0;0;0;97,690534;62,99787;77,591429;7;6;6;7;6;7; AWESOME;7;6;7;6;6;7; YUMMY;7;6;6;7;6;7; DELICIOUS;7;6;2;7;6;6;6;7;5;36 - 45;2;NO;Control
16570;2020-11-19 14:32:47.061318;2020-11-19 14:37:21.665389;False;3;4;5;2, 1, 4, 3, 6, 5; 1, 5, 3, 4, 2, 6; 4, 2, 5, 3, 1, 6;2;6;2;0;0;0;26,127748;33,584116;25,099188;1;2;1;5;4;4; I just love beef;2;2;1;1;1;6; I am a big fan of taco;4;4;4;5;5;7; I love both chocolate and cake.;2;2;2;7;6;4;4;3;7;younger than 26;1;;Control
18133;2020-11-19 14:38:14.208114;2020-11-19 14:46:13.039018;False;3;4;5;2, 1, 4, 3, 6, 5; 1, 5, 3, 4, 2, 6; 4, 2, 5, 3, 1, 6;3;5;1;0;0;0;69,744444;46,180423;40,18311;1;7;7;7;7;7; Well I am a serious fan of shrimp its like one of my favorite foods , and I love asparagus and pasta so this dish was perfect !;5;7;7;5;6;6; I chose this dish because iy is super exotic to me  , like Ive eaten salmon before , plenty of times , but the Pecan crunch coating really drew me in ... sounds so yummy !;6;7;7;7;7;7; I chose this dish because since yesterday Ive been having a crazy craving for some cheesecake and this specific cheese cake sounds amazing right now .;7;6;2;7;7;5;5;4;6;36 - 45;2;this survey was fun !;Control
18457;2020-11-12 13:12:20.323236;2020-11-12 13:16:29.194088;False;1;2;3;1, 5, 4, 2, 6, 3; 3, 1, 5, 2, 6, 4; 2, 1, 4, 3, 6, 5;1;1;1;0;0;0;61,575811;25,040954;27,471502;4;6;5;5;6;6; Tasty;5;6;5;6;6;5; Sweet and yammy;5;6;6;5;4;5; Shanghai Noodle Salad to yammy;5;6;2;4;5;6;5;5;4;26 - 35;1;none;Control
19916;2020-11-19 14:42:38.287377;2020-11-19 15:17:55.798276;False;2;3;5;3, 1, 5, 2, 6, 4; 2, 1, 4, 3, 6, 5; 4, 2, 5, 3, 1, 6;6;4;6;0;0;0;1663,434331;140,642739;53,317176;2;7;7;5;7;7;" ""I like cheese a lot and it doesnt have a bunch of exotic ingredients.""";1;7;7;7;7;7; The others had a lot of strange ingredients and i like Gouda a lot so it was easy to take that one.;5;6;6;3;7;7; I love strawberry and chocolate!;7;6;2;7;7;5;5;4;6;older than 55;2;"""Thank you! Im hungry now hahaha.""";Control
20212;2020-11-19 15:33:53.953394;2020-11-19 15:46:37.357035;False;1;2;4;1, 5, 4, 2, 6, 3; 3, 1, 5, 2, 6, 4; 1, 5, 3, 4, 2, 6;6;4;4;0;0;0;175,757861;88,229913;89,517788;7;6;6;6;6;6; Because I like Vrgitrian burgers.;6;6;7;6;6;4; I like this.;6;7;6;7;6;7; I like Tuna.;7;5;2;6;5;7;6;5;6;older than 55;1;This survey was good.;Control
22413;2020-11-17 12:55:03.881882;2020-11-17 13:11:45.497732;False;1;3;4;1, 5, 4, 2, 6, 3; 2, 1, 4, 3, 6, 5; 1, 5, 3, 4, 2, 6;3;3;5;0;0;0;81,711808;56,818489;46,530851;3;6;6;6;6;6; because i like the combination of spinach and ricotta with Ravioli;2;7;7;7;7;7; i hve tried already this combination, and i would do it again;4;6;6;6;6;6; i have tried salmon before, but not the alaskan, and it looks great!\r\n;7;6;2;7;7;6;5;5;5;26 - 35;1;nothing;Control
25458;2020-11-09 10:48:04.433139;2020-11-09 11:10:51.137840;False;1;2;5;1, 5, 4, 2, 6, 3; 3, 1, 5, 2, 6, 4; 4, 2, 5, 3, 1, 6;3;4;4;0;0;0;140,831276;102,038593;57,842944;6;7;7;7;7;7; It is one of the delicious food!. this looks absolutely mouth watering and it is easy process.;4;7;7;7;7;6; this was quite possibly the best sandwich i have ever had. this was absolutely delicious!;4;7;7;7;7;7; love the way these look and sound!;7;7;2;7;7;7;7;7;7;26 - 35;2;This study gave me the idea to choose my favorite dishes! I will try to cook the new dishes which i saw in this study. It was so useful for me. ;Control
27257;2020-11-09 10:50:16.839277;2020-11-09 10:57:51.567493;False;1;2;4;1, 5, 4, 2, 6, 3; 3, 1, 5, 2, 6, 4; 1, 5, 3, 4, 2, 6;4;5;3;0;0;0;95,800142;63,31018;52,860779;7;7;7;7;7;7; I love vegetarian Pizza.;7;7;7;7;7;7; I love this because of this ingredients.;7;7;7;7;7;7; i love salmon fish.;7;7;2;7;7;7;7;7;7;younger than 26;2;;Control
29561;2020-11-19 15:32:00.525775;2020-11-19 15:38:34.153648;False;2;3;5;3, 1, 5, 2, 6, 4; 2, 1, 4, 3, 6, 5; 4, 2, 5, 3, 1, 6;2;2;4;0;0;0;97,505872;66,270891;46,143498;1;7;7;7;7;7;" ""Its the meatiest and most in line with the type of food I like.""";1;7;7;7;7;7;" ""Its the only one that has any substantial amount of meat.  """;1;7;7;7;7;7;" ""I know I love this Ive made it before although I cannot be sure it was an identical recipe""";7;7;2;7;7;1;1;7;3;36 - 45;1;;Control
29642;2020-11-12 13:19:09.790000;2020-11-12 13:25:00.199374;False;2;3;4;3, 1, 5, 2, 6, 4; 2, 1, 4, 3, 6, 5; 1, 5, 3, 4, 2, 6;6;2;5;0;0;0;65,891452;20,387766;20,029268;4;6;3;5;3;5; good;3;5;2;4;5;6; very nice;4;5;4;6;3;4; very sweet;5;6;2;5;4;5;6;7;5;46 - 55;1;good;Control
30213;2020-11-19 14:47:10.869963;2020-11-19 14:50:52.121586;False;3;4;5;2, 1, 4, 3, 6, 5; 1, 5, 3, 4, 2, 6; 4, 2, 5, 3, 1, 6;1;1;4;0;0;0;104,659314;23,535351;19,670761;5;5;6;3;5;6; i love this;6;5;5;5;5;6; i love this taste;5;6;5;5;6;5; i love it;5;5;2;5;5;6;5;6;6;26 - 35;1;;Control
31419;2020-11-19 14:35:06.074778;2020-11-19 14:52:52.554752;False;1;3;5;1, 5, 4, 2, 6, 3; 2, 1, 4, 3, 6, 5; 4, 2, 5, 3, 1, 6;1;4;2;0;0;0;289,028231;72,068131;89,5618;5;6;5;5;6;3; spinach enchiladas its my favorite dish to all time, its very tasty and yummy;5;6;5;5;4;3; its look attractive and its my favorite also, lot of ingridients add in this dish, so i like very much;4;6;6;6;5;4; i like this taste and healthy, this look sponches and soft, this flavor also like;5;6;2;6;6;7;6;7;6;46 - 55;2;good;Control
32082;2020-11-17 15:29:09.931721;2020-11-17 15:40:32.121609;False;1;3;5;1, 5, 4, 2, 6, 3; 2, 1, 4, 3, 6, 5; 4, 2, 5, 3, 1, 6;4;4;6;0;0;0;112,399699;117,424817;54,295467;5;6;6;4;6;6; I have already tasted this and it is delecious.;5;6;6;4;5;6; It is very tasty.;6;6;6;2;7;6; It is very very tasty, yummy and delecious.;6;5;2;7;6;6;7;6;4;26 - 35;2;Several favourite dishes shown by you and make me feel hungry dude;Control
34689;2020-11-19 14:41:59.345051;2020-11-19 14:48:54.893361;False;1;3;4;1, 5, 4, 2, 6, 3; 2, 1, 4, 3, 6, 5; 1, 5, 3, 4, 2, 6;5;2;1;0;0;0;50,252868;30,139209;45,791455;5;6;5;5;6;6; Parmigiana, Italian, also called parmigiana di melanzane or melanzane alla parmigiana, is an Italian dish made with a shallow or deep-fried sliced eggplant filling, layered with cheese and tomato sauce, then baked. The origin of the dish is claimed by both the Southern regions of Campania and Sicily.;4;6;5;6;4;6; Mound two large spoonfuls of beef mixture in the center of one wrapper. Dip a finger in water and trace it around all four edges.;5;6;6;5;6;5;" ""Hudsons Baked Tilapia with Dill Sauce. A quick and easy baked fish recipe with fresh dill for summer. Or you could grill it to keep your kitchen .""";6;5;2;4;6;5;4;6;5;26 - 35;1;none;Control
34734;2020-11-19 15:34:36.364027;2020-11-19 15:41:11.326678;False;1;2;4;1, 5, 4, 2, 6, 3; 3, 1, 5, 2, 6, 4; 1, 5, 3, 4, 2, 6;1;4;5;0;0;0;145,413898;38,354584;21,329251;7;7;6;7;6;6; i like that decision.;6;7;6;6;7;6; i like the decision.;6;7;7;6;7;6; i like the decision;6;6;2;6;7;5;6;7;6;younger than 26;2;good survey;Control
36613;2020-11-17 15:39:04.130517;2020-11-17 15:49:41.322325;False;3;4;5;2, 1, 4, 3, 6, 5; 1, 5, 3, 4, 2, 6; 4, 2, 5, 3, 1, 6;5;2;1;0;0;0;49,813592;27,328602;47,168024;6;6;6;6;6;6; good tasty;6;6;6;6;7;7; good;7;7;7;7;7;7; good;6;6;2;3;3;3;3;3;3;36 - 45;2;good;Control
36828;2020-11-12 13:10:51.709893;2020-11-12 13:26:08.129906;False;1;2;3;1, 5, 4, 2, 6, 3; 3, 1, 5, 2, 6, 4; 2, 1, 4, 3, 6, 5;5;5;5;0;0;0;64,99563;240,58811;50,745868;6;7;6;3;6;6;" ""I have always wanted to try this dish- its unique and not your average vegetarian meal.""";1;7;7;7;7;7;" ""These look amazing and cheesy but you are still getting your vegetables AND its vegetarian! Its a win win.""";7;5;4;4;4;5; I am not sure if this would be any good, but its an idea I have never heard of and I am actually planning to look up this recipe since I already have some leftover pumpkins from halloween :);6;6;2;5;5;2;2;1;2;younger than 26;2;Thanks!;Control
37937;2020-11-19 14:46:06.468482;2020-11-19 14:54:32.920764;False;2;3;5;3, 1, 5, 2, 6, 4; 2, 1, 4, 3, 6, 5; 4, 2, 5, 3, 1, 6;3;2;1;0;0;0;133,788298;64,445746;53,001057;2;6;6;5;6;6; This type of cuisine is one of my favortites, and right now is the most appealing to me.;3;6;5;4;5;5; It seems novel to me, and Id be interested in giving it a go.;5;6;6;3;5;5; I like raspberries with my chocolate, it ticks many of my boxes.;6;4;2;6;6;3;3;6;6;46 - 55;1;I am conscious of healthy eating;Control
38039;2020-11-19 14:32:23.996447;2020-11-19 14:39:06.401989;False;1;2;5;1, 5, 4, 2, 6, 3; 3, 1, 5, 2, 6, 4; 4, 2, 5, 3, 1, 6;5;6;2;0;0;0;84,964425;55,829111;55,075726;1;7;7;7;7;7; This is one of my favorite meals I really enjoy this dish;1;7;7;7;7;7;" ""Grilled cheese as a delicious meal and its super simple to make its a good meal whether youre sick or feeling well""";1;7;7;7;7;7; This is a simple recipe that looks delicious and only takes 10 minutes to make;7;7;2;7;7;7;7;7;7;26 - 35;1;;Control
41503;2020-11-09 10:03:40.950289;2020-11-09 10:11:52.657618;False;3;4;5;2, 1, 4, 3, 6, 5; 1, 5, 3, 4, 2, 6; 4, 2, 5, 3, 1, 6;3;6;3;0;0;0;94,598379;70,913027;50,318846;6;7;7;7;7;7; I love pasta. It is very easy to cook. It is easily available and tasty. I like the ingrediants in the Pasta. The name is also attractive. It would give me a new taste.;7;7;7;7;7;7; I love seafoods. It is healthy. It looks attractive. The ingredients are good and healthy.;7;7;7;7;7;7; I love the combination of chocolate and coconut. ;7;7;2;7;7;7;7;7;7;younger than 26;2;Give more choices.;Control
41507;2020-11-12 14:12:22.469260;2020-11-12 14:18:11.162864;False;2;3;5;3, 1, 5, 2, 6, 4; 2, 1, 4, 3, 6, 5; 4, 2, 5, 3, 1, 6;2;5;4;0;0;0;36,06132;24,847024;76,60752;6;5;4;5;4;5; taste;6;5;4;4;5;4; taste;4;6;5;4;5;6; tasty;7;5;2;3;5;5;6;5;4;younger than 26;2;none;Control
42091;2020-11-19 14:32:10.606300;2020-11-19 14:36:37.127697;False;3;4;5;2, 1, 4, 3, 6, 5; 1, 5, 3, 4, 2, 6; 4, 2, 5, 3, 1, 6;5;4;2;0;0;0;50,42632;42,506085;30,914298;6;5;6;7;6;6; IT IS LIKE TO BE MIND.;6;5;6;7;6;5; IT IS VERY TASTLY;6;7;5;6;7;7; IT OIS VERY TASTLY;6;5;2;6;5;6;7;6;7;36 - 45;1;VERY GOOD;Control
43494;2020-11-19 15:53:13.042987;2020-11-19 16:01:47.301481;False;1;3;4;1, 5, 4, 2, 6, 3; 2, 1, 4, 3, 6, 5; 1, 5, 3, 4, 2, 6;4;1;5;0;0;0;123,409598;101,69839;63,798632;6;5;5;6;7;6; Amazing food;5;7;6;5;7;6; I like it;6;7;6;7;6;7; i like to interest to eat;6;5;2;6;7;6;7;6;7;26 - 35;2;I like this survey ;Control
46059;2020-11-12 13:15:04.070500;2020-11-12 13:22:21.694011;False;2;4;5;3, 1, 5, 2, 6, 4; 1, 5, 3, 4, 2, 6; 4, 2, 5, 3, 1, 6;1;3;5;0;0;0;78,912392;76,029323;36,1821;4;7;7;6;7;7; It is one of my favourite combination ;4;7;7;6;7;7; Perfect taste;4;7;7;6;7;7; Favourite  and tasty;7;6;2;7;6;7;5;6;7;26 - 35;2;Good;Control
48039;2020-11-19 14:47:42.940648;2020-11-19 14:53:38.620228;False;1;2;3;1, 5, 4, 2, 6, 3; 3, 1, 5, 2, 6, 4; 2, 1, 4, 3, 6, 5;4;1;6;0;0;0;47,216389;39,86638;44,046945;4;2;5;6;4;7; This dish is taste dishes.;5;7;6;7;6;7; This dish is tasty dish.;6;2;5;6;7;6; This dishes are tasty dishes.;3;6;2;4;6;5;6;5;7;46 - 55;1;Thanks;Control
50092;2020-11-09 09:10:32.028016;2020-11-09 09:18:00.974640;False;2;3;5;3, 1, 5, 2, 6, 4; 2, 1, 4, 3, 6, 5; 4, 2, 5, 3, 1, 6;1;6;6;0;0;0;122,534224;71,359772;49,25798;6;6;6;4;6;6; I love the ingredients and I have tried this.;6;6;6;4;6;6; I love the ingredients and I have tried this.;7;6;6;3;6;6; I love this dish a lot;7;4;2;7;6;6;5;4;5;26 - 35;2;;Control
52121;2020-11-09 09:15:36.906744;2020-11-09 09:37:49.525792;False;2;3;5;3, 1, 5, 2, 6, 4; 2, 1, 4, 3, 6, 5; 4, 2, 5, 3, 1, 6;2;6;1;0;0;0;669,084067;150,462226;19,883296;4;5;6;5;6;6; Because of its taste i heard off.;5;6;5;4;5;6; I have heard of it.;5;6;5;4;5;6; it would be tasty.;5;6;2;4;5;6;4;5;5;26 - 35;2;Interesting and thoughtful.;Control
52803;2020-11-17 12:06:35.923170;2020-11-17 12:17:31.254079;False;2;3;4;3, 1, 5, 2, 6, 4; 2, 1, 4, 3, 6, 5; 1, 5, 3, 4, 2, 6;6;2;6;0;0;0;57,917651;63,427056;26,307553;7;6;5;6;6;5; Ketchup is awesome with grilled cheese.......on the side is ok but cooked inside the sandwich is so much better. Also a couple of slices of tangy dill pickle along with a bowl of cream of tomato soup is the perfect lunch or supper!;6;7;6;5;6;5; Afghan Beef Raviolis (Mantwo) with cilantro, garlic, mint, cloves, onions, yogurt, salt, cumin powder, ground beef, and tomato paste.;6;5;6;5;6;5;  I love this recipe for a billion reasons but let me just share a few! First of all, fish tacos are just yummy. ;6;5;2;6;5;4;5;6;6;26 - 35;1;good;Control
53336;2020-11-09 10:55:44.236639;2020-11-09 11:02:27.710383;False;1;3;5;1, 5, 4, 2, 6, 3; 2, 1, 4, 3, 6, 5; 4, 2, 5, 3, 1, 6;6;1;4;0;0;0;61,140308;27,396742;38,473687;4;3;4;5;6;5; I HAVE SELECT VEGETRAIN DISHES. I WILL LIKE VERY MUCH FOR THIS FOOD. ;4;5;6;5;4;3; GOOD AND NICE;5;4;3;4;5;6; LOOKING BEAUTIFUL ;3;4;2;5;4;3;4;5;6;26 - 35;1;I HAVE GOOD JOURNEY OF THIS SURVEY. ;Control
53627;2020-11-09 08:47:29.527999;2020-11-09 08:52:07.189651;False;3;4;5;2, 1, 4, 3, 6, 5; 1, 5, 3, 4, 2, 6; 4, 2, 5, 3, 1, 6;5;1;2;0;0;0;44,322894;31,645995;38,47932;5;6;6;5;6;6; I love pumpkin pasta;5;6;6;5;5;6; I love eating it;5;6;6;6;5;6; I love this so much;6;5;2;4;5;5;6;6;5;26 - 35;2;;Control
53989;2020-11-19 14:31:30.279075;2020-11-19 14:41:00.082011;False;2;3;5;3, 1, 5, 2, 6, 4; 2, 1, 4, 3, 6, 5; 4, 2, 5, 3, 1, 6;6;1;4;0;0;0;134,295023;76,847845;27,294445;5;7;7;7;7;7; The ingredienst looked tasty and the photo was great.;6;6;6;6;7;7; I love noodles;5;6;5;4;3;5; Looks tasty on the photo;6;6;2;5;5;3;5;3;5;26 - 35;1;"""It was interesting. The bubbles did not work right except in the last page. You had to click the last one and move them with the keyboard. Most people wont bother and just click the last bubble (youll notice it in the results probably)""";Control
54607;2020-11-19 15:26:01.865046;2020-11-19 15:35:04.386421;False;2;4;5;3, 1, 5, 2, 6, 4; 1, 5, 3, 4, 2, 6; 4, 2, 5, 3, 1, 6;2;6;6;0;0;0;68,475165;54,795542;56,665798;6;7;6;7;6;6; i like sandwiches;7;7;6;6;7;6; like;6;6;7;6;6;7; like in favarite;7;6;2;6;7;6;6;7;6;26 - 35;1;Nice;Control
56853;2020-11-12 13:28:23.240553;2020-11-12 13:33:23.387282;False;1;2;3;1, 5, 4, 2, 6, 3; 3, 1, 5, 2, 6, 4; 2, 1, 4, 3, 6, 5;2;3;2;0;0;0;50,687778;56,326629;53,632142;3;6;6;5;6;6; I like a good veggie rich stew;1;7;7;7;7;7; Looked delicious. love a pork sandwich;1;7;7;7;7;4; SOunded delicious;7;6;2;7;6;7;7;7;4;36 - 45;1;;Control
57025;2020-11-19 14:32:38.506789;2020-11-19 14:38:37.262739;False;1;2;3;1, 5, 4, 2, 6, 3; 3, 1, 5, 2, 6, 4; 2, 1, 4, 3, 6, 5;6;3;2;0;0;0;88,333057;45,43898;43,206633;4;5;4;3;4;4; I LIKE THIS VEGETARIAN DISHES BY THE PEOPLE.;4;5;4;5;4;5; SANDWICHES MANY PEOPLE WAS LIKE.;4;5;4;5;4;5; LOW PRICE IN A PASTA;4;5;2;4;5;4;5;4;5;36 - 45;1;USEFUL;Control
57040;2020-11-17 11:46:54.132984;2020-11-17 12:00:08.489980;False;1;2;5;1, 5, 4, 2, 6, 3; 3, 1, 5, 2, 6, 4; 4, 2, 5, 3, 1, 6;2;3;2;0;0;0;120,938874;110,131102;103,348396;1;7;6;6;6;7; As a vegan myself, this is the dish I would likely eat/cook. I like beans and vegan chili ha the right amount of beans and spices to satisfy my taste.;7;5;5;3;5;6;" ""With a little modification to make it fully vegan, I would definetly enjoy the veggies and zest that this sandwich contains. And also, Im interested in ethinic foods, so it would be something different to try.""";1;7;7;6;7;7;" ""With just a simple substitution of dairy for non-dairy, it seemed to be the most vegan friendly out of the others plus Im a big chocolate peroson so this was easy!""";6;6;2;7;6;7;7;5;7;26 - 35;1;;Control
57602;2020-11-09 08:47:16.518184;2020-11-09 08:57:17.659354;False;1;4;5;1, 5, 4, 2, 6, 3; 1, 5, 3, 4, 2, 6; 4, 2, 5, 3, 1, 6;2;6;5;0;0;0;123,950168;37,000099;22,016734;6;5;4;5;1;7; Because this dish is my favorite dish.;7;6;2;7;5;7; Because this dish is my favorite dish.;5;3;6;4;6;7; Because this dish is my favorite dish.;6;7;2;4;3;6;7;6;7;26 - 35;1;Thanks;Control
57916;2020-11-09 09:48:33.038593;2020-11-09 10:00:08.343950;False;1;2;3;1, 5, 4, 2, 6, 3; 3, 1, 5, 2, 6, 4; 2, 1, 4, 3, 6, 5;6;4;5;0;0;0;50,553599;27,038633;14,825209;5;6;4;5;6;6; because i like the veg burger and i cooked the veg burger;5;6;5;6;5;7; because i am vegeitarien ;6;4;5;5;7;6; i like that pumpkin pasta;5;6;2;5;6;5;4;6;7;36 - 45;1;nice survey ;Control
58254;2020-11-19 14:35:46.221505;2020-11-19 14:43:10.819052;False;1;2;5;1, 5, 4, 2, 6, 3; 3, 1, 5, 2, 6, 4; 4, 2, 5, 3, 1, 6;1;3;3;0;0;0;78,14707;75,122415;41,457571;6;7;6;2;6;5; Enchiladas are one of my favorite foods and thinking about them with spinach sounds really delicious. I am all about mexican food cross overs with other cuisines. ;5;6;6;2;6;5;" ""Ive always wanted to try one of these and out of all the sandwiches, this is the one I wanted to make the most. Its also very different from other foods that Ive made before. The flavors sound really good. """;4;7;7;5;6;6; This sounds like an easier version of black forest cake, which is one of my favorite types of cake so this is why I want to try this. It sounds delicious and combines coconut with chocolate which is a combination I enjoy quite a bit. ;6;3;2;7;5;5;6;4;5;26 - 35;2;Maybe give us links to recipes at some point. I really want that brownie macaroon one. ;Control
58334;2020-11-19 14:33:26.928587;2020-11-19 14:42:36.429160;False;1;2;5;1, 5, 4, 2, 6, 3; 3, 1, 5, 2, 6, 4; 4, 2, 5, 3, 1, 6;1;4;2;0;0;0;118,951217;81,964671;42,303687;2;6;6;6;7;7; I am convinced the chosen recipe suits my taste best.;2;5;6;6;7;6; I am confident I made the best possible decision in this category;1;6;5;5;6;6; It was easy to chose the most delicious recipe in this category;7;7;2;6;6;6;6;6;6;26 - 35;1;I would like to try the chosen recipes;Control
62342;2020-11-19 14:50:46.605843;2020-11-19 14:56:14.959217;False;1;3;5;1, 5, 4, 2, 6, 3; 2, 1, 4, 3, 6, 5; 4, 2, 5, 3, 1, 6;5;2;4;0;0;0;118,492625;29,009533;47,349255;6;6;6;5;6;6; nice;6;6;5;6;6;6; nice;6;6;6;5;6;5; nice;6;6;2;6;5;5;6;5;5;younger than 26;2;nice;Control
63108;2020-11-19 14:33:18.364616;2020-11-19 14:46:24.266102;False;1;2;3;1, 5, 4, 2, 6, 3; 3, 1, 5, 2, 6, 4; 2, 1, 4, 3, 6, 5;3;3;1;0;0;0;67,530122;64,154236;35,344704;6;7;6;5;7;5; MOSTLY I PREFER VEGETARIAN DISHES.  THIS IS ONE OF MY FAVOURITE FOOD ITEM.;5;6;7;7;6;4; SANDWICH IS ONE OF MY FAVOURITE DISH.  EXPECIALLY VIETNAMES SANDWICH IS VERY SPECIAL TO ME.;6;7;5;6;7;6; NOODLES IS MY FAVOURITE FOOD.  I HAVE ALREADY EXPERIENCE IN SHANGHAI NOODLE SALAD.  I LOVE THIS DISH.;6;7;2;5;6;7;6;5;6;26 - 35;2;I AM A FOODIE LOVER.  I LIKE THIS STUDY VERY MUCH.;Control
63825;2020-11-19 14:45:09.412511;2020-11-19 14:51:01.891436;False;1;4;5;1, 5, 4, 2, 6, 3; 1, 5, 3, 4, 2, 6; 4, 2, 5, 3, 1, 6;3;4;3;0;0;0;113,940391;34,749822;34,116879;4;3;3;4;5;5; i love it;3;5;5;5;3;3; its yummy;4;4;3;3;4;4; love the essence of its flavour;5;5;2;3;4;4;5;5;3;26 - 35;1;na;Control
64355;2020-11-19 15:40:30.868322;2020-11-19 15:54:11.989620;False;1;2;4;1, 5, 4, 2, 6, 3; 3, 1, 5, 2, 6, 4; 1, 5, 3, 4, 2, 6;3;3;2;0;0;0;126,085061;165,36821;116,28162;2;6;6;6;6;7; I prefer low-carb options and this met that requirement;2;6;6;6;6;7; I like pork loin best and would prefer this one.;2;6;7;6;6;7; I like the pickled jalapesnos and that makes it my best option.;7;6;2;6;6;6;7;4;5;46 - 55;1;The survery was clear.;Control
66894;2020-11-19 14:42:44.360725;2020-11-19 15:05:26.401267;False;1;2;4;1, 5, 4, 2, 6, 3; 3, 1, 5, 2, 6, 4; 1, 5, 3, 4, 2, 6;1;2;6;0;0;0;61,635815;61,60993;521,125094;3;6;6;5;6;6; This one looked the most appealing to me.;5;5;4;4;5;4; I especially like Philly steak sandwiches.;6;5;4;3;4;4; I picked one and went with it, I could have easily gone with the snapper. ;4;3;2;6;6;7;5;5;5;46 - 55;1;This was an interesting survey. I like to cook and these recipes looked fascinating.;Control
67988;2020-11-12 13:10:50.291726;2020-11-12 13:22:27.795507;False;3;4;5;2, 1, 4, 3, 6, 5; 1, 5, 3, 4, 2, 6; 4, 2, 5, 3, 1, 6;5;1;6;0;0;0;93,750958;26,706602;97,829147;4;7;6;5;4;7;" Just of my opinionIn the ""Holuski"" very similar differents to compare Pasta. When I eat this Holuski in mind just come the same taste like Pasta.";3;4;7;4;5;7;" Just of my opinionIn the ""Hudson\s Baked Tilapia with Dill Sauce"" very similar differents to compare Fish Dishes. When I eat this Holuski in mind just come the same taste like Pasta.";3;4;5;6;5;7;" Just of my opinion when I eat ""Chocolate Strawberry Shortcake"" In my mind the same taste come the ""Chocolate Desserts"".";7;7;2;7;7;7;7;7;7;36 - 45;1;None;Control
68718;2020-11-09 08:48:17.060664;2020-11-09 08:59:34.606042;False;1;4;5;1, 5, 4, 2, 6, 3; 1, 5, 3, 4, 2, 6; 4, 2, 5, 3, 1, 6;4;6;6;0;0;0;134,266536;111,28177;55,070855;5;6;7;3;7;6;" ""Its easy to cook. And looks great too.""";4;7;7;7;7;5; Easy to cook and looks cool.;3;7;7;7;7;5; Looks yummy and easy to make.;7;7;2;7;7;7;7;4;7;26 - 35;1;The information is neatly organized. It makes really easy to choose a recipe that fulfills my needs.;Control
69825;2020-11-12 13:50:13.000544;2020-11-12 13:57:14.915737;False;1;3;5;1, 5, 4, 2, 6, 3; 2, 1, 4, 3, 6, 5; 4, 2, 5, 3, 1, 6;2;1;1;0;0;0;79,661023;58,277927;41,81556;6;6;3;2;3;5; It seems like it would be high in protein, which is important to me for a vegetarian dish.  It also just sounds warm, comforting, and satisfying.;5;5;3;3;2;4;" ""There were a few that I cant eat as a vegetarian and of those left this one sounded like it had the most ingredients I typically enjoy.""";6;6;5;3;5;6; I love raspberries and cheescake.;6;3;2;6;5;7;7;3;5;36 - 45;1;"""Im a vegetarian";Control
71167;2020-11-19 14:47:44.825429;2020-11-19 14:58:09.158737;False;3;4;5;2, 1, 4, 3, 6, 5; 1, 5, 3, 4, 2, 6; 4, 2, 5, 3, 1, 6;4;3;4;0;0;0;47,374976;115,435862;60,129527;6;5;5;6;6;5; i like this food taste;6;5;6;7;7;7; fish is more protien supliment;6;5;6;5;5;6; i like this\r\n;6;4;2;6;5;6;5;7;6;46 - 55;1;good;Control
71610;2020-11-19 16:21:02.255989;2020-11-19 16:26:51.654808;False;2;3;5;3, 1, 5, 2, 6, 4; 2, 1, 4, 3, 6, 5; 4, 2, 5, 3, 1, 6;1;5;5;0;0;0;53,913109;38,013265;40,284688;3;6;6;5;6;6; I like the look of it. I also like chicken.;5;6;5;4;6;6;" ""I like pumpkin. Never had pasta made out of it before so Id like to try it.""";1;7;7;7;7;7; This is one of my favorite desserts.;6;6;2;7;7;6;5;2;6;26 - 35;1;No additional comments.;Control
71967;2020-11-19 15:39:46.256883;2020-11-19 15:47:53.824052;False;2;3;5;3, 1, 5, 2, 6, 4; 2, 1, 4, 3, 6, 5; 4, 2, 5, 3, 1, 6;1;5;2;0;0;0;159,352424;53,5142;53,3782;4;5;3;4;4;5; its good in taste;2;6;5;5;6;6; good taste ;5;4;5;5;6;5; good  and easy to cook;4;5;2;5;5;4;5;6;5;46 - 55;2;good;Control
73540;2020-11-19 14:43:58.677561;2020-11-19 14:48:16.231494;False;2;3;4;3, 1, 5, 2, 6, 4; 2, 1, 4, 3, 6, 5; 1, 5, 3, 4, 2, 6;1;5;6;0;0;0;53,262272;33,478845;23,86652;1;6;6;6;6;6;" ""I like the ingredients and its similar to other sandwiches I know I already like. """;1;7;7;7;7;7; I love pumpkin flavor and pasta is one of my favorite dishes in general. ;7;2;2;2;2;2;" ""I like fish tacos but Im not sure about this kind of fish but I had to make a choice. """;5;5;2;5;6;3;3;2;6;26 - 35;2;;Control
74457;2020-11-19 14:42:19.416286;2020-11-19 14:45:30.389892;False;1;2;4;1, 5, 4, 2, 6, 3; 3, 1, 5, 2, 6, 4; 1, 5, 3, 4, 2, 6;6;2;1;0;0;0;21,130955;31,144837;18,045451;6;7;6;7;6;5; tasty;6;7;6;6;5;6; tasty;5;6;6;7;7;6; tasty;5;6;2;4;5;6;6;7;7;26 - 35;1;Interested;Control
77485;2020-11-09 08:47:03.843683;2020-11-09 08:59:03.489244;False;2;4;5;3, 1, 5, 2, 6, 4; 1, 5, 3, 4, 2, 6; 4, 2, 5, 3, 1, 6;4;1;6;0;0;0;198,16851;105,803412;46,5111;4;6;5;7;5;4;  Slow Cooker Philly Cheese Steak Sandwiches get a punch of flavor with A.1. ... We like the color contrast of red and yellow heirloom tomatoes, but choose whichever large tomato is ripest. ;4;7;5;6;5;4;" ""Salmon Patties III, Hudsons Baked Tilapia with Dill Sauce, Grilled Salmon, ... with pesto sauce & beetroot slawSample fish dishes with sea bass,""";4;6;5;6;5;4;" ""Peach Color themes can be chosen by you. ... Chocolate Strawberry Shortcake (Dessert For Two) - Homemade In The Kitchen ... When it comes to desserts there are usually only two categories Im interested in.""";4;6;2;5;7;6;4;5;7;36 - 45;1;very good this food  survey i see the food tasety;Control
77543;2020-11-12 13:17:05.045740;2020-11-12 13:28:43.550458;False;2;3;5;3, 1, 5, 2, 6, 4; 2, 1, 4, 3, 6, 5; 4, 2, 5, 3, 1, 6;2;3;6;0;0;0;127,120236;174,518527;143,31146;1;7;6;7;6;7; This is one of my all time favorite sandwiches;3;7;6;5;6;6; This sounds like something I would like;7;6;5;2;5;6; This sounds like a really great tasting dish;7;5;2;6;6;5;5;3;6;26 - 35;1;;Control
77998;2020-11-19 15:55:18.477623;2020-11-19 16:03:49.857871;False;2;3;4;3, 1, 5, 2, 6, 4; 2, 1, 4, 3, 6, 5; 1, 5, 3, 4, 2, 6;1;1;3;0;0;0;73,546494;112,411855;95,819208;3;5;5;4;5;5; It had most of my favorite ingredients involved.;2;6;6;4;5;6; I tend to prefers asian style noodle dishes.;4;5;5;3;4;4; I have more or less cooked this before and prefer it.;3;5;2;5;5;5;4;3;4;26 - 35;1;none;Control
78538;2020-11-17 11:46:33.138587;2020-11-17 12:15:42.191556;False;1;2;5;1, 5, 4, 2, 6, 3; 3, 1, 5, 2, 6, 4; 4, 2, 5, 3, 1, 6;4;5;5;0;0;0;1416,945587;92,810778;59,365407;3;6;5;5;6;6; I like pizza and would like to cook one, and thereafter many, for myself;6;4;3;3;3;4; I like the pic;4;5;4;4;5;5; Cooking time is quite less;4;3;2;6;3;5;4;3;4;26 - 35;1;;Control
79561;2020-11-19 14:39:18.646316;2020-11-19 14:44:57.990546;False;1;3;4;1, 5, 4, 2, 6, 3; 2, 1, 4, 3, 6, 5; 1, 5, 3, 4, 2, 6;1;2;3;0;0;0;52,264398;51,96042;40,989415;7;6;7;6;7;4; Its very taste and We love it ;2;7;6;7;6;4; The recipe is very taste, we love this recipee ;7;6;7;6;7;6; A simple soy sauce and brown sugar marinade, with hints of lemon and garlic, are the perfect salty-sweet complement to rich salmon fillets the fillets is very tasty ;6;7;2;7;6;7;6;7;6;younger than 26;2;Nice survey ;Control
79804;2020-11-19 14:40:46.945246;2020-11-19 14:50:31.854785;False;2;3;5;3, 1, 5, 2, 6, 4; 2, 1, 4, 3, 6, 5; 4, 2, 5, 3, 1, 6;2;6;3;0;0;0;118,750264;132,040426;63,398083;3;7;7;7;7;7; This sandwich has many vegetables and cheese and the meat that I like. ;7;4;6;3;5;7; Out of the choices given, this choice has many items that I like, especially the cabbage.;1;7;7;7;7;7; This choice has many of my favorites in it, especially the walnuts.;7;7;2;7;7;7;7;5;4;older than 55;2;this survey was fun and very interesting;Control
79950;2020-11-19 15:03:47.631121;2020-11-19 15:08:15.243017;False;2;3;4;3, 1, 5, 2, 6, 4; 2, 1, 4, 3, 6, 5; 1, 5, 3, 4, 2, 6;5;1;6;0;0;0;42,146574;34,635906;33,029009;6;7;6;5;6;7; ITWAS SO DELICIOUS;7;6;5;6;7;6; I LIKE FURITS AND NOODLES;6;5;6;7;6;5; I LIKE FRY FISH IT WSA SO SPICY;6;5;2;6;5;6;7;6;5;26 - 35;2;NICE SURVEY;Control
80214;2020-11-12 13:19:00.580193;2020-11-12 13:26:03.728952;False;2;3;5;3, 1, 5, 2, 6, 4; 2, 1, 4, 3, 6, 5; 4, 2, 5, 3, 1, 6;2;3;5;0;0;0;41,473724;38,420793;104,642145;5;7;7;6;7;7; Philly Steak Sandwiches are delicious and I would like to make them at home.;2;6;7;7;7;6;" ""The shrimp and asparagus combination sounds very tasty while the other recipes didnt sound as good.""";7;6;6;1;7;6; This sounds like a delicious dessert without being too heavy or overly sweet.;6;6;2;7;7;6;7;5;7;older than 55;2;;Control
81173;2020-11-17 15:13:26.023449;2020-11-17 15:25:04.391067;False;2;3;5;3, 1, 5, 2, 6, 4; 2, 1, 4, 3, 6, 5; 4, 2, 5, 3, 1, 6;2;4;2;0;0;0;149,263097;204,76031;47,010324;5;7;6;3;7;7; I like meat Sandwich and I think is a good combination of strong flavours and juice ;5;5;5;3;5;5;" ""Its a pasta dish full of vegetables, but with a more consevative taste""";2;6;6;5;6;5;" ""Its super easy and I always made this recepy for breafast love it!""";7;5;2;7;7;7;7;7;7;26 - 35;2;cool survey!;Control
81258;2020-11-19 14:50:30.166719;2020-11-19 14:56:00.845954;False;2;4;5;3, 1, 5, 2, 6, 4; 1, 5, 3, 4, 2, 6; 4, 2, 5, 3, 1, 6;1;2;2;0;0;0;57,649841;85,577264;28,919606;4;5;4;5;4;5; my thought and i like it;4;5;4;5;4;4; my thought;4;5;4;5;4;5; my thought;4;5;2;4;5;4;5;4;4;26 - 35;1;interesting;Control
81263;2020-11-19 15:25:10.220880;2020-11-19 15:29:10.594982;False;1;2;4;1, 5, 4, 2, 6, 3; 3, 1, 5, 2, 6, 4; 1, 5, 3, 4, 2, 6;1;5;3;0;0;0;19,740721;21,131759;19,468348;7;6;7;6;7;6; The Spinach taste is very delicious and ver tasty ;7;6;7;6;7;6; The Zucchini Grinder Sandwich is very delicious and We love it ;7;6;7;6;7;6; The Grilled Fish Dishes is very tasty and we love this taste ;7;6;2;7;6;7;6;7;6;younger than 26;1;nice survey and my fav food survey;Control
82296;2020-11-17 12:03:08.542924;2020-11-17 12:18:38.611068;False;1;2;3;1, 5, 4, 2, 6, 3; 3, 1, 5, 2, 6, 4; 2, 1, 4, 3, 6, 5;4;6;2;0;0;0;306,471547;148,933365;152,1212;2;6;6;6;6;6; I love pizzas a lot;5;6;6;3;6;6;" ""Its got pesto sauce and cheese.""";2;6;6;6;6;6;" ""I love beef meals espevially with yoghurts.""";6;5;2;6;6;6;6;6;6;26 - 35;1;;Control
82523;2020-11-19 14:34:55.268839;2020-11-19 14:46:00.509438;False;3;4;5;2, 1, 4, 3, 6, 5; 1, 5, 3, 4, 2, 6; 4, 2, 5, 3, 1, 6;1;1;1;0;0;0;103,078615;96,582169;71,241016;4;5;6;6;7;6;" Shanghai Noodle Salad"" in the category ""Pasta"", because of the taste is a simlar.";4;7;5;6;7;7;" ""Hudson\s Baked Tilapia with Dill Sauce"" in the category ""Fish Dishes"". because of the taste is similar\r\n";6;7;6;5;4;7;" White Chocolate Raspberry Cheesecake"" in the category ""Chocolate Desserts"", because of the taste is smilar\r\n";7;7;2;5;4;5;7;6;6;26 - 35;1;None;Control
83534;2020-11-19 14:35:43.612062;2020-11-19 14:45:25.676316;False;1;2;3;1, 5, 4, 2, 6, 3; 3, 1, 5, 2, 6, 4; 2, 1, 4, 3, 6, 5;2;4;2;0;0;0;41,298858;350,042769;47,226901;4;5;5;6;7;6; GOOD FOOD;5;4;4;5;6;6; NICE;4;3;5;5;6;7; NICE;4;3;2;5;6;5;6;5;5;36 - 45;2;GOOD;Control
85611;2020-11-09 09:40:41.683165;2020-11-09 09:43:33.897135;False;2;3;5;3, 1, 5, 2, 6, 4; 2, 1, 4, 3, 6, 5; 4, 2, 5, 3, 1, 6;6;6;1;0;0;0;20,999053;18,909959;17,140534;5;7;4;6;7;5; It is tasty.;5;4;5;6;5;5; It is tasty.;5;5;6;4;5;6; looks tasty.;6;4;2;5;3;4;6;4;5;26 - 35;2;Intersting and thoughtful.;Control
85804;2020-11-19 14:53:26.642759;2020-11-19 15:00:00.777788;False;1;2;4;1, 5, 4, 2, 6, 3; 3, 1, 5, 2, 6, 4; 1, 5, 3, 4, 2, 6;2;6;2;0;0;0;82,441495;25,270673;27,557452;6;5;6;6;4;6; very good enage;7;5;6;4;6;5; very tast;6;5;7;6;5;4; good tast;6;4;2;6;5;7;6;5;6;36 - 45;1;very nice;Control
86631;2020-11-19 14:38:32.499971;2020-11-19 14:43:13.515872;False;1;2;3;1, 5, 4, 2, 6, 3; 3, 1, 5, 2, 6, 4; 2, 1, 4, 3, 6, 5;5;3;2;0;0;0;76,261273;51,147559;32,524178;6;5;6;7;6;7; like;6;5;7;7;6;7; like;6;5;6;7;6;7; nice;6;5;2;6;5;6;7;6;7;older than 55;1;nice;Control
87942;2020-11-09 09:55:39.113087;2020-11-09 10:22:13.158964;False;1;2;5;1, 5, 4, 2, 6, 3; 3, 1, 5, 2, 6, 4; 4, 2, 5, 3, 1, 6;2;1;1;0;0;0;460,949559;127,774251;54,982098;4;6;6;4;6;6; I  tried the dish and liked it;4;6;6;4;6;6; I love chicken. ;4;5;5;4;5;5; I have tried it and found it sweet.;6;4;2;6;4;6;6;4;5;26 - 35;1;It was fun;Control
89112;2020-11-09 09:47:34.488594;2020-11-09 10:01:15.029604;False;1;3;5;1, 5, 4, 2, 6, 3; 2, 1, 4, 3, 6, 5; 4, 2, 5, 3, 1, 6;5;1;5;0;0;0;250,299866;106,606938;90,394681;1;7;7;5;5;6;  Normally the Egg contains protein, so I like to eat and cook the egg.;2;6;6;5;6;5;  Among the all option this food have low calory and low fat, it has high protein.;2;6;6;6;6;6;  Among the all categories this Raspberry White Chocolate Mousse, looks very attractive and would like to try.;6;6;2;6;6;6;6;4;6;26 - 35;1;None;Control
91547;2020-11-09 08:48:20.044898;2020-11-09 08:56:17.179893;False;1;3;4;1, 5, 4, 2, 6, 3; 2, 1, 4, 3, 6, 5; 1, 5, 3, 4, 2, 6;5;3;6;0;0;0;57,043874;45,500411;122,951809;1;7;7;7;7;7; This is one of my favorite dishes, but i have never tried cooking it.;1;7;7;7;7;7; I like shrimp, but I absolutely love asparagus.;1;7;7;7;7;7; so many things i like in this one: corn, spicy and tacos.;7;7;2;7;7;7;6;6;7;36 - 45;1;;Control
95696;2020-11-17 13:22:49.615018;2020-11-17 13:27:08.829423;False;3;4;5;2, 1, 4, 3, 6, 5; 1, 5, 3, 4, 2, 6; 4, 2, 5, 3, 1, 6;1;2;2;0;0;0;73,836621;24,059416;22,998926;7;4;5;6;7;3; Interesting;5;6;7;4;5;6; Interesting;7;4;5;6;4;6; Interesting;7;5;2;5;6;3;5;7;4;26 - 35;1;Good;Control
96213;2020-11-19 14:32:27.362633;2020-11-19 14:41:03.218467;False;1;2;3;1, 5, 4, 2, 6, 3; 3, 1, 5, 2, 6, 4; 2, 1, 4, 3, 6, 5;4;6;1;0;0;0;87,959482;69,968601;46,389909;6;5;6;5;6;5; its very tastey and like that ;7;6;5;6;5;6; na;6;5;4;5;6;6; that taste is very good;6;5;2;3;4;5;6;5;6;younger than 26;1;good;Control
99394;2020-11-19 14:32:05.251103;2020-11-19 14:37:50.749065;False;1;2;4;1, 5, 4, 2, 6, 3; 3, 1, 5, 2, 6, 4; 1, 5, 3, 4, 2, 6;2;3;5;0;0;0;128,271039;31,998281;30,811657;5;5;5;6;6;5; this is really good.;5;5;6;6;5;5; this is very tasty food;5;5;5;6;6;5; this is nice.;5;5;2;5;5;6;6;6;5;older than 55;1;good;Control
59847;2020-11-09 12:18:44.066173;2020-11-09 12:23:40.181725;True;2;3;5;3, 1, 5, 2, 6, 4; 2, 1, 4, 3, 6, 5; 4, 2, 5, 3, 1, 6;1;5;6;1;1;6;50,26626;41,897741;44,957247;4;6;2;3;7;1; I Love sandwiches from when I was a kid;4;6;7;6;2;3; Pasta is a getaway meal for me;4;7;4;7;6;6; This is Yummy, always crave for it;7;6;2;3;5;5;5;6;6;26 - 35;1;none;Study 1
36479;2020-11-09 12:18:28.117175;2020-11-09 12:25:41.292436;True;1;3;4;1, 5, 4, 2, 6, 3; 2, 1, 4, 3, 6, 5; 1, 5, 3, 4, 2, 6;4;3;6;5;1;5;111,326144;74,245094;70,65584;2;6;7;7;6;6; I enjoy pizza the most of all the dishes presented, and so I think this would be a good recipe to try. ;2;6;6;7;7;7; I really enjoy shrimp and asparagus, so this looks like I would enjoy it the most.;6;6;5;2;5;5; I love fish tacos, and spice, and the salsa looked really good. ;6;6;2;6;5;6;6;5;6;46 - 55;1;;Study 1
63558;2020-11-09 12:20:32.191750;2020-11-09 12:26:03.712677;True;2;3;5;3, 1, 5, 2, 6, 4; 2, 1, 4, 3, 6, 5; 4, 2, 5, 3, 1, 6;1;1;5;1;1;5;81,050647;38,54016;41,739472;2;5;3;5;3;4; Very sweet;4;5;3;4;5;6; tasty food;3;6;6;4;3;5; good;5;6;2;4;5;3;5;3;5;36 - 45;2;good;Study 1
70480;2020-11-09 12:21:42.635160;2020-11-09 12:27:55.628332;True;1;2;4;1, 5, 4, 2, 6, 3; 3, 1, 5, 2, 6, 4; 1, 5, 3, 4, 2, 6;5;1;6;5;1;5;54,909318;34,140932;25,051968;6;5;6;5;4;5;  ;6;6;5;4;5;6;  ;6;5;5;4;5;5;  ;6;5;2;6;6;5;5;4;4;younger than 26;1;;Study 1
79416;2020-11-09 12:19:53.163397;2020-11-09 12:29:02.404794;True;2;3;4;3, 1, 5, 2, 6, 4; 2, 1, 4, 3, 6, 5; 1, 5, 3, 4, 2, 6;1;1;3;1;1;5;80,520686;59,179759;163,742363;5;4;6;6;6;5; Chicken is my favourite;6;5;5;5;6;6; Not much liked;5;6;5;5;6;6; Salmon with lemon and peper taste good;6;4;2;3;4;4;5;6;5;36 - 45;1;n/a;Study 1
42403;2020-11-09 12:22:51.638888;2020-11-09 12:31:51.018336;True;1;2;4;1, 5, 4, 2, 6, 3; 3, 1, 5, 2, 6, 4; 1, 5, 3, 4, 2, 6;5;6;3;5;1;5;128,423485;71,187671;50,792847;2;7;7;7;7;7; I really like eggplant and eggs;1;7;7;7;7;7; Butter and cheese are my favorites;1;7;7;7;7;7; Salmon is very delicious and healthy;7;7;2;7;7;7;3;1;7;36 - 45;1;;Study 1
35864;2020-11-09 12:26:44.281123;2020-11-09 12:32:08.205363;True;2;3;5;3, 1, 5, 2, 6, 4; 2, 1, 4, 3, 6, 5; 4, 2, 5, 3, 1, 6;2;3;3;1;1;3;30,01898;39,549628;67,899006;1;7;7;7;7;7; The rest of the recipes had ingredients in them I did not like.;1;5;5;4;6;6; It was the only meat based option that appealed to me.;3;7;6;5;6;6; I like the combination of chocolate and coconut together, so it sounded good to try this recipe.;6;6;2;5;7;4;3;6;6;46 - 55;2;;Study 1
74576;2020-11-09 12:21:46.129290;2020-11-09 12:32:35.233588;True;1;3;4;1, 5, 4, 2, 6, 3; 2, 1, 4, 3, 6, 5; 1, 5, 3, 4, 2, 6;6;5;3;5;1;5;108,40536;189,710065;55,322322;2;6;5;5;6;5; because i love the vegetals and mix these with bread like a normal burguer;3;6;3;5;6;5; because i love that combination;5;6;5;6;5;5; because i love the grilled food;6;5;2;6;7;7;6;6;5;36 - 45;1;very good and informative survey;Study 1
18575;2020-11-09 12:33:21.852313;2020-11-09 12:40:05.298593;True;1;3;5;1, 5, 4, 2, 6, 3; 2, 1, 4, 3, 6, 5; 4, 2, 5, 3, 1, 6;2;1;2;5;1;2;72,612542;73,366803;60,022553;6;7;5;3;7;6; I am most familiar with all the ingredients and already know that I like this dish. ;2;7;7;6;7;7; I love asian inspired food! So this was an easy one :);2;7;7;7;7;7; It seemed like both a doable recipe without hours and hours of work as well as a yummy treat that isnt too huge :);6;5;2;7;6;5;6;5;3;36 - 45;2;;Study 1
28137;2020-11-09 12:36:22.862094;2020-11-09 12:45:46.641850;True;2;4;5;3, 1, 5, 2, 6, 4; 1, 5, 3, 4, 2, 6; 4, 2, 5, 3, 1, 6;6;5;3;1;5;4;81,214022;67,637651;61,858914;1;7;5;6;6;6; I love grilled cheese sandwiches and would love to try a little pizzaz with it.;1;7;7;7;5;7; Its something Ive never tried before and it looks and sounds tasty.;1;7;4;4;5;7; I love brownies and coconut so the two of them together sound amazing.;6;6;2;7;7;1;1;2;4;36 - 45;2;You have made me hungry and curious about some of those recipes.;Study 1
19337;2020-11-09 12:26:19.453760;2020-11-09 12:49:40.639805;True;2;3;5;3, 1, 5, 2, 6, 4; 2, 1, 4, 3, 6, 5; 4, 2, 5, 3, 1, 6;3;2;5;1;1;2;379,498701;87,929882;279,94203;2;7;7;7;6;7; I think its just starter for me. I would eat many as i can;1;7;6;5;6;4; Beef is the favourite recipe i ever cooked;5;7;4;6;5;6; Its very tasty and yummy for me;7;6;2;7;6;7;5;7;6;26 - 35;1;;Study 1
61099;2020-11-09 12:48:20.627089;2020-11-09 12:52:16.761478;True;1;2;4;1, 5, 4, 2, 6, 3; 3, 1, 5, 2, 6, 4; 1, 5, 3, 4, 2, 6;1;4;1;5;1;5;43,586393;22,086844;25,859902;7;7;7;6;7;7; good food;7;7;7;6;7;7; good;7;6;7;7;7;7; very tasty;7;7;2;7;7;7;7;7;7;26 - 35;1;nice survey;Study 1
41182;2020-11-09 12:35:52.515026;2020-11-09 12:52:46.135356;True;1;2;4;1, 5, 4, 2, 6, 3; 3, 1, 5, 2, 6, 4; 1, 5, 3, 4, 2, 6;3;6;3;5;1;5;329,399485;112,856656;84,664501;1;7;7;6;7;7; I love the component and food nutrients listed and would really like to give it a try.;1;7;7;7;6;7; I feel this meal will be easier to prepare and its something i can make easily.;1;7;7;6;7;7; I love this dish its so attractive i cant wait to give it a try.;7;7;2;6;5;7;7;7;6;26 - 35;1;I like this study.;Study 1
59714;2020-11-09 12:47:44.401789;2020-11-09 12:53:15.326937;True;2;3;5;3, 1, 5, 2, 6, 4; 2, 1, 4, 3, 6, 5; 4, 2, 5, 3, 1, 6;3;5;6;1;1;1;36,36048;30,573254;107,727299;6;7;6;5;6;5; THIS IS ONE OF MY FAVOURITE FOOD.  I LOVE THIS SANDWICH.;6;7;7;6;5;5; GENERALLY I LIKE PASTA.  THIS FOOD LOOKS VERY NICE.;7;6;5;6;5;6; I LIKE THIS DISH VERY MUCH.  THIS DISH IS VERY NICE.;6;5;2;6;7;6;5;6;6;26 - 35;2;NICE STUDY.;Study 1
95110;2020-11-09 13:04:34.332043;2020-11-09 13:08:08.770673;True;2;3;4;3, 1, 5, 2, 6, 4; 2, 1, 4, 3, 6, 5; 1, 5, 3, 4, 2, 6;1;4;2;1;1;5;23,439266;19,934646;15,782623;7;6;5;6;7;6; this dish have more calories;7;6;7;6;5;6; it so delious;5;6;7;6;5;6; it have lot of protines;5;6;2;7;6;5;6;6;7;26 - 35;2;nice survey;Study 1
7892;2020-11-09 13:01:10.692094;2020-11-09 13:10:54.987292;True;2;4;5;3, 1, 5, 2, 6, 4; 1, 5, 3, 4, 2, 6; 4, 2, 5, 3, 1, 6;1;5;6;1;5;6;85,815241;45,304569;66,614817;4;6;5;4;3;4; i very much like this dish;3;4;6;5;4;3; i really like this one ;5;4;3;6;4;6; i like strawbery ;5;3;2;3;6;5;4;3;6;26 - 35;1;Good survey;Study 1
3717;2020-11-09 13:16:52.157138;2020-11-09 13:22:09.843688;True;2;4;5;3, 1, 5, 2, 6, 4; 1, 5, 3, 4, 2, 6; 4, 2, 5, 3, 1, 6;6;3;3;1;5;3;56,233736;43,717608;31,214721;5;6;7;2;6;5; Seems delicious;4;5;6;4;5;6; Its delicious, the flavor is spetacular.;1;7;7;7;7;7; I love coconut;6;3;2;5;2;6;7;5;6;26 - 35;1;"""Im hungry after that!""";Study 1
73794;2020-11-09 13:19:32.477437;2020-11-09 13:26:16.544138;True;2;3;5;3, 1, 5, 2, 6, 4; 2, 1, 4, 3, 6, 5; 4, 2, 5, 3, 1, 6;2;3;6;1;1;6;97,694735;53,519321;64,611009;2;7;7;6;7;7; It is one of my favorites and I would like to try making this at home.;2;7;7;7;7;7; This is a healthy choice for us Shrimp lovers.;4;6;6;5;7;6; This looks very interesting and appealing.;7;3;2;7;7;7;7;5;3;older than 55;1;;Study 1
80731;2020-11-09 13:13:46.600970;2020-11-09 13:27:33.882904;True;2;3;4;3, 1, 5, 2, 6, 4; 2, 1, 4, 3, 6, 5; 1, 5, 3, 4, 2, 6;6;1;3;1;1;5;128,341296;69,968569;191,376883;3;7;6;6;7;6; I have always been a cheese lover, I have tried this and made my day.;6;6;6;6;5;6; My wife is asian and she made me try this dish ince I loved it. Creamy and tasty.;1;7;6;6;6;6; Grilling and salmon has always been a perfect match for me. ;6;7;2;7;5;7;6;6;6;26 - 35;1;I could suggest to make the pictures cleaaarer or present it in HD.;Study 1
622;2020-11-09 13:17:51.089068;2020-11-09 13:27:47.394688;True;2;3;4;3, 1, 5, 2, 6, 4; 2, 1, 4, 3, 6, 5; 1, 5, 3, 4, 2, 6;1;1;3;1;1;5;122,804675;89,069663;87,95982;5;6;6;6;6;6; I like chicken and It tastes good;5;6;6;5;6;6; I like noodles and I love salad;5;6;6;5;5;6; I like salmon,Its yummy;6;6;2;6;6;6;6;6;6;36 - 45;2;This survey is really good;Study 1
18783;2020-11-09 13:23:06.451278;2020-11-09 13:32:03.580236;True;1;2;4;1, 5, 4, 2, 6, 3; 3, 1, 5, 2, 6, 4; 1, 5, 3, 4, 2, 6;5;1;3;5;1;5;86,915385;46,238033;42,8167;5;6;7;4;5;6; Bake for 20-25 minutes until the cheese is melted and starts to turn slightly golden around the edges and the eggplant is cooked to yours .;5;6;5;6;5;6; Cook the onions, bell peppers, and mushrooms in the butter, stirring frequently until the vegetables are tender. To make the sandwiches, place a chicken breast on each hamburger bun half. Spoon the pepper and onion mixture overtop, and top with a slice of Swiss cheese. Cover with the hamburger bun tops.;5;6;7;5;6;5; Lightly oil grill grate. Place salmon on the preheated grill, and discard marinade. Cook salmon for 6 to 8 minutes per side, or until the fish flakes easily with a fork.;7;6;2;4;5;6;5;6;5;36 - 45;2;No;Study 1
69120;2020-11-09 13:18:31.953645;2020-11-09 13:43:52.565367;True;1;2;5;1, 5, 4, 2, 6, 3; 3, 1, 5, 2, 6, 4; 4, 2, 5, 3, 1, 6;2;1;5;5;1;5;151,981546;58,254271;1130,323921;5;7;6;7;5;5; i like this;6;7;7;6;7;7; i like this;6;5;7;6;6;5; i like this;6;5;2;5;7;6;6;7;6;46 - 55;1;;Study 1
58899;2020-11-09 13:43:12.244896;2020-11-09 13:47:58.793913;True;1;2;4;1, 5, 4, 2, 6, 3; 3, 1, 5, 2, 6, 4; 1, 5, 3, 4, 2, 6;1;3;6;5;1;5;66,90912;37,104455;29,844585;2;6;4;4;3;5; I enjoy spinach and enchiladas.;1;7;4;5;6;7; Bahn Mi is delicious. I might even get one for lunch today.;1;7;4;4;6;7; The quality of their fish tacos is my benchmark for any restaurant.;7;6;2;7;6;7;7;6;5;26 - 35;1;;Study 1
30764;2020-11-09 13:46:01.721025;2020-11-09 13:50:47.019433;True;1;2;4;1, 5, 4, 2, 6, 3; 3, 1, 5, 2, 6, 4; 1, 5, 3, 4, 2, 6;6;6;3;5;1;5;50,350978;40,548683;30,26696;5;6;7;6;5;4; good and tasting the food flavor ;5;6;7;6;5;4; tasting and good ;4;5;6;5;6;4; flavor food ;6;5;2;4;5;6;7;6;5;36 - 45;2;;Study 1
41897;2020-11-09 14:10:29.508068;2020-11-09 14:14:51.639898;True;1;2;5;1, 5, 4, 2, 6, 3; 3, 1, 5, 2, 6, 4; 4, 2, 5, 3, 1, 6;1;3;3;5;1;3;41,322099;25,436442;47,753319;7;7;7;7;4;7; ..;2;7;7;7;2;7; ..;2;7;7;7;3;7; ..;7;7;2;7;7;7;7;7;7;36 - 45;2;;Study 1
55792;2020-11-09 14:24:01.540108;2020-11-09 14:31:58.990478;True;2;3;5;3, 1, 5, 2, 6, 4; 2, 1, 4, 3, 6, 5; 4, 2, 5, 3, 1, 6;6;2;2;1;1;2;65,597105;108,088567;58,336406;3;6;6;5;7;6; I am a fan on the simplicity of a grilled cheese sandwich, and the introduction of pesto intrigues me.;3;6;7;6;6;6; I like exotic foods, and the ingredients in this make it seems similar to stuff i already like with some additions.;2;6;4;5;6;5; It is simple, easy, and quick to make, and really helps with a spontaneous chocolate craving.;6;6;2;7;6;5;3;5;6;26 - 35;1;no feedback;Study 1
85696;2020-11-09 14:21:56.062625;2020-11-09 14:39:10.415019;True;1;2;5;1, 5, 4, 2, 6, 3; 3, 1, 5, 2, 6, 4; 4, 2, 5, 3, 1, 6;3;1;4;5;1;4;100,001344;27,129531;120,238783;7;6;5;5;6;7; VERY TASTY;6;5;7;7;6;7; HEALTHY AND TASTE;5;7;7;6;5;5; NICE;6;7;2;5;6;5;7;6;6;36 - 45;1;VERY INTERESTING ONE;Study 1
11029;2020-11-12 16:09:09.022834;2020-11-12 16:13:09.696080;True;1;2;3;1, 5, 4, 2, 6, 3; 3, 1, 5, 2, 6, 4; 2, 1, 4, 3, 6, 5;1;1;1;9;1;1;35,880372;19,198368;21,325557;4;5;6;7;6;5; n/a;4;5;6;7;6;5; n/a;4;5;6;7;6;5; n/a;3;4;2;6;7;6;5;4;3;36 - 45;1;n/a;Study 1
9627;2020-11-12 16:08:30.865493;2020-11-12 16:16:08.783566;True;3;4;5;2, 1, 4, 3, 6, 5; 1, 5, 3, 4, 2, 6; 4, 2, 5, 3, 1, 6;3;3;2;1;5;2;133,790363;53,555057;53,841074;2;6;6;6;6;7; I already love shrim and paired with asparagus will give it a greater taste. It consist of a protein, carb, and a veggie.;6;7;6;6;5;6; Grilled salmon is actually really tasty.;1;7;7;6;6;6; It is simple and easy to make, chocolate is my favorite.;7;7;2;6;6;6;6;6;6;26 - 35;2;;Study 1
69942;2020-11-12 16:13:21.089902;2020-11-12 16:20:48.669260;True;1;4;5;1, 5, 4, 2, 6, 3; 1, 5, 3, 4, 2, 6; 4, 2, 5, 3, 1, 6;3;6;4;5;5;4;87,994756;83,73871;45,019586;4;4;5;5;6;5; i like tjhis ;5;5;4;4;5;5; taste was good;5;5;5;4;5;6; sweet;4;4;2;4;4;5;5;4;4;26 - 35;2;good and well;Study 1
5187;2020-11-12 16:15:02.251319;2020-11-12 16:21:10.834059;True;1;2;3;1, 5, 4, 2, 6, 3; 3, 1, 5, 2, 6, 4; 2, 1, 4, 3, 6, 5;5;3;5;5;1;1;78,674105;60,894136;47,615989;6;7;6;2;6;6; I know what it tastes like and I love this dish.;7;7;6;1;6;5; This one sounds like a unique and flavorful dish I would like to try. ;5;7;7;6;7;7; This is something that I often crave and love to eat.;7;3;2;6;5;5;5;5;6;36 - 45;2;None;Study 1
41863;2020-11-12 16:14:07.701352;2020-11-12 16:21:18.592193;True;3;4;5;2, 1, 4, 3, 6, 5; 1, 5, 3, 4, 2, 6; 4, 2, 5, 3, 1, 6;3;6;3;1;5;3;102,182097;46,755284;43,6214;5;7;7;2;7;7; Two of my favorite things to eat are shrimp and aspargus so its a natural choice for me.;6;6;5;2;5;6; Fish and tacos are a great combination.;6;6;5;2;5;5; I love both brownies and especially coconut.;6;2;2;6;6;6;5;6;5;older than 55;2;"""That was fun and really different. Now Im hungry!!""";Study 1
80521;2020-11-12 16:12:14.319948;2020-11-12 16:25:07.900030;True;1;3;4;1, 5, 4, 2, 6, 3; 2, 1, 4, 3, 6, 5; 1, 5, 3, 4, 2, 6;6;4;3;5;1;5;285,06967;82,063266;39,123716;7;7;6;7;7;6; i like very much and alsotaste is good;5;7;7;6;7;6; taste is vwry good;5;6;6;3;6;6; very good comfortable price and taste;7;7;2;6;6;7;7;6;6;26 - 35;1;na;Study 1
97009;2020-11-12 16:21:17.199880;2020-11-12 16:25:45.056363;True;1;2;4;1, 5, 4, 2, 6, 3; 3, 1, 5, 2, 6, 4; 1, 5, 3, 4, 2, 6;1;1;1;5;1;5;27,271536;14,993735;15,701426;6;6;6;6;7;7; I love this dish taste;7;6;6;5;6;6; This dish is always my favorite;6;6;5;5;6;7; Me and my partner favorite one;5;5;2;6;6;6;7;6;6;26 - 35;1;;Study 1
6973;2020-11-12 16:22:56.884592;2020-11-12 16:29:00.822559;True;1;2;3;1, 5, 4, 2, 6, 3; 3, 1, 5, 2, 6, 4; 2, 1, 4, 3, 6, 5;4;3;2;5;1;1;73,74118;25,967817;33,461945;1;7;7;7;7;4; I like pizza very much. And its look like yummy and tasty. And so I had prefered this dish;1;7;7;7;7;4; Because I like to cook this dish;1;6;7;7;6;5; Its very tasty and healthy dish;7;7;2;7;7;6;6;5;6;younger than 26;1;Good and Interesting survey;Study 1
58965;2020-11-12 16:23:58.339899;2020-11-12 16:33:37.118489;True;1;2;3;1, 5, 4, 2, 6, 3; 3, 1, 5, 2, 6, 4; 2, 1, 4, 3, 6, 5;4;1;1;5;1;1;238,370268;40,357585;66,509232;4;6;6;5;4;4; Because i am like it;6;6;5;5;6;4; Just like it this food;4;6;6;5;4;4; I am just like thi item.;5;4;2;5;6;6;6;5;5;26 - 35;1;I would like this study.;Study 1
96037;2020-11-12 16:46:11.845907;2020-11-12 16:51:32.115196;True;1;4;5;1, 5, 4, 2, 6, 3; 1, 5, 3, 4, 2, 6; 4, 2, 5, 3, 1, 6;1;5;6;5;5;6;34,766095;25,666444;60,079144;6;2;5;3;6;4; I love this;6;2;5;4;3;6; I really love this dish;5;2;6;2;5;4; This dish is very tasty;5;2;2;6;4;3;6;3;4;26 - 35;1;;Study 1
76624;2020-11-12 16:45:38.063381;2020-11-12 16:54:46.575274;True;1;4;5;1, 5, 4, 2, 6, 3; 1, 5, 3, 4, 2, 6; 4, 2, 5, 3, 1, 6;5;3;6;5;5;1;96,212245;73,001786;53,668842;2;7;7;7;7;7; I like lasagne recipes that are vegetarian. ;1;7;7;7;7;7; I love salmon and grilled dishes in general.;1;6;6;6;6;6; Ive never had it before. It looks interesting.;7;7;2;6;6;7;5;3;2;36 - 45;2;;Study 1
91435;2020-11-12 17:18:44.960638;2020-11-12 17:26:59.601700;True;2;3;4;3, 1, 5, 2, 6, 4; 2, 1, 4, 3, 6, 5; 1, 5, 3, 4, 2, 6;6;10;3;1;1;5;86,539326;57,621321;27,31814;7;5;5;2;6;5; I really enjoyed the combination of pesto and cheese. Never tought about it. And I am crazy about any kind of cheese sandwich.;7;6;6;2;6;6; Really enjoyed the combination. Low fat. And I also like pasta and parmesan a lot, and try to make differents combinations with it. Sounds a good one. ;7;7;7;5;7;7; Salmon is definetely the best fish for me. Grilled is always a great option. ;7;5;2;7;7;6;5;5;6;26 - 35;1;"""Very interesting survey. I didnt take a lot of care with the nutritional facts at first as I like to live a flexible diet. I do care about the numbers";Study 1
62140;2020-11-12 17:37:50.625032;2020-11-12 17:42:18.324926;True;2;3;4;3, 1, 5, 2, 6, 4; 2, 1, 4, 3, 6, 5; 1, 5, 3, 4, 2, 6;1;1;3;1;1;5;40,676019;38,076041;27,649241;3;6;5;5;5;5; Because its favourite dish of more people. It should be good.;4;5;5;5;4;5; Because I love Shrimp and Asparagus.;1;7;7;7;7;7; I love Grilled Salmon!;6;6;2;4;5;5;6;5;4;26 - 35;1;;Study 1
47676;2020-11-12 17:56:44.860798;2020-11-12 18:17:25.804144;True;2;3;5;3, 1, 5, 2, 6, 4; 2, 1, 4, 3, 6, 5; 4, 2, 5, 3, 1, 6;1;2;2;1;1;2;163,731805;163,058404;182,856804;2;6;6;6;6;6; I like chicken, I like burgers, it looks nice and has many appealing ingredients such as mushroom and onion and barbeque sauce, so it was the best match for my tastes.;3;5;5;5;5;5; I do like meat and this dish had the most, it also looks very interesting and is not something I have tried before whereas the other dishes look more conventional.;5;6;5;3;5;4; The mousse was tempting but I often make chocolate ones, so this chocolate mud cake looks very simple and delicious for an dessert.;6;5;2;6;5;4;3;5;5;36 - 45;1;Was refreshing to do survey on food preferences as that is more interesting than some other surveys.;Study 1
79591;2020-11-12 19:18:41.035072;2020-11-12 19:26:43.236154;True;1;3;5;1, 5, 4, 2, 6, 3; 2, 1, 4, 3, 6, 5; 4, 2, 5, 3, 1, 6;6;1;2;5;1;4;101,436741;64,859663;73,668661;2;7;6;6;6;6; I liked this desh very much;1;7;7;7;7;7; I liked noodles very much;1;7;7;7;7;6; I like the cake very much;7;7;2;6;6;6;6;6;6;46 - 55;2;No comments;Study 1
71951;2020-11-25 09:11:58.224495;2020-11-25 09:14:52.293162;True;2;3;4;3, 1, 5, 2, 6, 4; 2, 1, 4, 3, 6, 5; 1, 5, 3, 4, 2, 6;1;1;5;1;1;5;12,808854;14,906726;22,508345;5;7;6;5;6;6; is the best looking one;5;4;5;5;6;5; i love asian salads;3;4;5;6;6;5; is the one that people like the most;5;6;2;5;6;7;6;6;5;36 - 45;1;;Study 1
93184;2020-11-25 09:12:34.314933;2020-11-25 09:18:07.964480;True;1;3;4;1, 5, 4, 2, 6, 3; 2, 1, 4, 3, 6, 5; 1, 5, 3, 4, 2, 6;1;6;4;5;1;5;57,897145;59,215289;31,92103;2;6;6;5;6;5; Although Im not a vegetarian, I still like anything was spinach and cheese and it;2;6;6;6;7;7; I love pasta and cabbage and have had holuski many times.;2;6;6;5;6;7; I like salmon but nothing is better than tuna casserole.;6;4;2;7;7;6;6;7;6;46 - 55;1;"""I dont have anything";Study 1
54615;2020-11-25 09:13:01.875054;2020-11-25 09:19:36.034746;True;2;3;5;3, 1, 5, 2, 6, 4; 2, 1, 4, 3, 6, 5; 4, 2, 5, 3, 1, 6;5;6;2;1;1;6;139,907707;41,166428;49,869286;7;6;6;5;6;7; its my favorite dish;6;6;7;5;5;6; its my favorite dish;7;6;6;5;6;7; very delicious;6;6;2;7;7;6;5;5;6;26 - 35;1;interesting;Study 1
79428;2020-11-25 09:15:28.729109;2020-11-25 09:19:50.880083;True;1;2;4;1, 5, 4, 2, 6, 3; 3, 1, 5, 2, 6, 4; 1, 5, 3, 4, 2, 6;5;1;5;5;1;5;49,034663;18,88152;15,812663;5;6;6;7;5;6; Super;5;6;5;6;7;5; Nice;6;5;6;6;5;7; good;3;2;2;4;5;4;5;6;5;26 - 35;1;thanks;Study 1
83293;2020-11-25 09:12:14.001961;2020-11-25 09:19:53.433829;True;1;2;4;1, 5, 4, 2, 6, 3; 3, 1, 5, 2, 6, 4; 1, 5, 3, 4, 2, 6;3;1;1;5;1;5;108,892313;62,755604;48,084929;1;7;7;7;7;7; Seems like an healthy meal to me.;1;7;7;7;7;7; Most people seem to like the meal.;1;7;7;7;7;7; I like that the food looks neat.;7;7;2;7;7;7;7;7;7;26 - 35;1;Nice survey,good pay.;Study 1
76337;2020-11-25 09:12:25.384791;2020-11-25 09:22:01.001222;True;2;3;5;3, 1, 5, 2, 6, 4; 2, 1, 4, 3, 6, 5; 4, 2, 5, 3, 1, 6;1;3;6;1;1;2;98,731545;101,856942;119,95721;6;7;7;3;6;7; I chose this sandwich because I like the ingredients and seems to be a favorite of others.;3;7;7;6;7;7; The ingredients are described as fresh and it looks delicious.;5;6;6;2;6;6; This one looked the best to me.;7;3;2;7;7;6;6;6;7;36 - 45;2;Great survey! Thank you.;Study 1
69303;2020-11-25 09:15:50.446201;2020-11-25 09:24:16.469798;True;2;4;5;3, 1, 5, 2, 6, 4; 1, 5, 3, 4, 2, 6; 4, 2, 5, 3, 1, 6;1;5;2;1;5;5;50,8892;45,021221;71,38682;7;6;7;4;6;6; i made the decision based on the ingredients mentioned, texture of the sandwich. i hope it is good.;7;7;7;3;7;6; it was liked my most of the people . i usually love fish. it was difficult for me to select one among them.;6;7;7;7;7;7; i was thinking to make this dessert for a long time. i usually love mug cakes and it is delicious,easy to make.;7;5;2;6;7;7;7;7;7;36 - 45;2;i am a food lover.i think that it was interesting. the system also guided me during the selection process and it made easy for me to select.thank you.;Study 1
96113;2020-11-25 09:18:58.697203;2020-11-25 09:24:17.598235;True;1;2;5;1, 5, 4, 2, 6, 3; 3, 1, 5, 2, 6, 4; 4, 2, 5, 3, 1, 6;3;1;1;5;1;1;53,602956;34,430754;39,785442;5;6;5;6;5;6; this recepi is very colorful.and i like this recepi.so i choose is;5;6;5;6;5;6; i mostly like veg.so i choose ;5;6;7;7;6;7; i like this flavour .so i choose ;5;6;2;5;6;7;6;7;6;26 - 35;2;nice;Study 1
40698;2020-11-25 09:20:38.974665;2020-11-25 09:25:32.698703;True;2;4;5;3, 1, 5, 2, 6, 4; 1, 5, 3, 4, 2, 6; 4, 2, 5, 3, 1, 6;4;6;6;1;5;4;41,688959;32,68074;29,381137;5;6;7;6;7;6; very tasty and spicy;7;6;5;6;7;6; I have very interested to eat;6;7;7;6;7;6; very sweety and tasty to eat;6;5;2;5;6;5;6;7;6;older than 55;1;Interesting survey;Study 1
56055;2020-11-25 09:16:01.149542;2020-11-25 09:25:56.369173;True;2;3;5;3, 1, 5, 2, 6, 4; 2, 1, 4, 3, 6, 5; 4, 2, 5, 3, 1, 6;1;4;1;1;1;1;98,449816;101,490425;89,530218;3;7;6;6;7;7; I love chicken and the rest of the ingredients in addition were all things that I enjoy.;3;6;6;5;6;7; I love Italian cuisine, including pasta. The complementary ingredients were all things I would enjoy in the dish as well.;2;6;5;5;6;6; I love cheesecake. The white chocolate and raspberries will complement each other really well in this dessert.;6;5;2;7;6;5;7;2;6;26 - 35;1;;Study 1
51233;2020-11-25 09:16:45.242764;2020-11-25 09:26:51.317660;True;2;4;5;3, 1, 5, 2, 6, 4; 1, 5, 3, 4, 2, 6; 4, 2, 5, 3, 1, 6;1;5;3;1;5;2;23,814285;53,337368;46,548;6;5;6;7;6;6; i like this dish very much. i like chicken sandwiches with zang combination.;7;6;7;7;6;6; i like fish dishes, especially i love alaska salmon bake with pecan crunch coating. i love the taste.;6;7;5;6;7;7; i like cocunut macaroon brownies, it taste very good and delicious.;7;6;2;6;7;5;6;7;7;26 - 35;2;good and nice.;Study 1
43711;2020-11-25 09:20:49.156635;2020-11-25 09:27:45.686589;True;1;2;3;1, 5, 4, 2, 6, 3; 3, 1, 5, 2, 6, 4; 2, 1, 4, 3, 6, 5;5;1;1;5;1;1;43,452604;51,017028;40,864976;6;5;6;5;6;5; low calories and spicy foods ;5;6;5;6;5;6; very tasty and food is spicy ;5;6;5;4;5;6; The taste is very good and healthy also;4;6;2;4;5;4;5;6;5;younger than 26;2;very interesting;Study 1
75899;2020-11-25 09:21:34.717089;2020-11-25 09:28:49.782462;True;1;2;3;1, 5, 4, 2, 6, 3; 3, 1, 5, 2, 6, 4; 2, 1, 4, 3, 6, 5;3;1;1;5;1;1;23,603945;25,06907;23,287273;6;7;6;5;6;5; i like this dish .so i choose;5;6;5;6;5;6; i mostly like chicken .so i choose;5;6;5;6;5;6; this food is very colorful;6;7;2;6;7;6;7;6;7;younger than 26;1;nixce;Study 1
4890;2020-11-25 09:23:33.442944;2020-11-25 09:30:06.151925;True;1;2;5;1, 5, 4, 2, 6, 3; 3, 1, 5, 2, 6, 4; 4, 2, 5, 3, 1, 6;5;3;6;5;1;6;103,441058;48,753992;63,754398;6;7;6;5;5;6; VEGETARIAN PEOPLE ALSO EAT EGG RECEIPE.;4;7;6;5;5;6; I LOVE IT.;5;7;5;5;5;6; LOVE IT.;5;6;2;5;5;6;5;5;5;26 - 35;2;;Study 1
64053;2020-11-25 09:19:49.772508;2020-11-25 09:30:07.413243;True;2;3;4;3, 1, 5, 2, 6, 4; 2, 1, 4, 3, 6, 5; 1, 5, 3, 4, 2, 6;2;2;1;1;1;5;158,990658;53,669371;43,696617;5;7;7;6;7;7; The ingredients did it for me and look very tasty;1;7;7;7;7;7; Its an interesting dish, to say the least;2;7;7;7;7;7; Baked and looked crunchy;7;7;2;7;7;6;6;5;6;26 - 35;1;;Study 1
38198;2020-11-25 09:15:08.853767;2020-11-25 09:30:19.745312;True;1;2;4;1, 5, 4, 2, 6, 3; 3, 1, 5, 2, 6, 4; 1, 5, 3, 4, 2, 6;4;1;5;5;1;5;128,051931;81,339496;63,146293;4;7;6;6;5;7; Actually i like pizza very much and particularly pesto pizza is my liked one.;5;5;6;7;5;2; generally i like chicken very much basically i like this taste very much.;3;5;5;6;5;1; actually this taste i like very much.;6;6;2;5;6;5;6;6;7;46 - 55;2;very interesting survey.;Study 1
80293;2020-11-25 09:27:03.149327;2020-11-25 09:31:31.954927;True;2;3;5;3, 1, 5, 2, 6, 4; 2, 1, 4, 3, 6, 5; 4, 2, 5, 3, 1, 6;5;1;6;1;1;6;40,023389;19,824047;35,627503;6;5;6;7;6;5; Based on its appearence.;6;5;5;6;7;6; It is looking good.;6;5;5;6;5;6; It looks attractive.;6;5;2;6;4;5;6;5;5;26 - 35;2;Interesting and thoughtful.;Study 1
14169;2020-11-25 09:13:41.800485;2020-11-25 09:32:03.105349;True;1;3;5;1, 5, 4, 2, 6, 3; 2, 1, 4, 3, 6, 5; 4, 2, 5, 3, 1, 6;2;5;3;5;1;5;635,630984;152,933718;61,953238;3;5;6;6;6;4; i love vegetarian dishes;2;6;6;7;5;6; i love pasta;2;6;6;7;6;4; i love the taste of coconut;6;6;2;5;6;6;5;6;4;46 - 55;1;nice experience;Study 1
60418;2020-11-25 09:15:11.595745;2020-11-25 09:33:14.406490;True;1;3;5;1, 5, 4, 2, 6, 3; 2, 1, 4, 3, 6, 5; 4, 2, 5, 3, 1, 6;5;2;6;5;1;5;217,852029;44,27287;121,685118;6;7;6;5;6;5; This food is very attractive;5;7;6;5;6;6; Very colorful;7;6;6;7;6;5; I like cakes;7;7;2;6;7;6;5;6;6;26 - 35;2;Interesting;Study 1
64110;2020-11-25 09:27:23.594741;2020-11-25 09:35:42.674309;True;1;2;3;1, 5, 4, 2, 6, 3; 3, 1, 5, 2, 6, 4; 2, 1, 4, 3, 6, 5;5;1;3;5;1;1;46,040763;37,741606;20,259462;4;5;6;5;6;6; Classic for a reason, Italian baked Eggplant Parmesan is comfort food at its best. Breaded eggplant slices are layered with mozzarella, Parmesan, basil, and tomato sauce, and baked until bubbly.\r\n;4;5;6;6;5;6; Great for a quick meal! I pounded the chicken breasts down thin first and then seasoned them before grilling. I used some red and green peppers along with some red onion. I left out the mushrooms as I didnt have any on hand. I toasted the buns before assembling the sandwiches and added a little ranch dressing along wih some extra bbq sauce.\r\n;4;5;6;6;5;6; i like this recipe;5;6;2;4;5;6;5;6;5;46 - 55;1;nice task;Study 1
39742;2020-11-25 09:31:51.121961;2020-11-25 09:37:01.427942;True;1;2;3;1, 5, 4, 2, 6, 3; 3, 1, 5, 2, 6, 4; 2, 1, 4, 3, 6, 5;5;1;4;5;1;1;56,750527;44,373475;22,02849;6;5;4;7;4;5; its are really yammy and its a verry haalthy ;6;5;4;5;4;5; Yes i aggrey with this deal 90% pepole are like it that why i so like it ;6;5;4;5;6;6; this pasta are too good man . its also like my famli and friend also ;6;5;2;4;5;5;4;3;5;26 - 35;1;nned some time back button ;Study 1
81920;2020-11-25 09:33:12.703034;2020-11-25 09:38:03.798475;True;1;2;5;1, 5, 4, 2, 6, 3; 3, 1, 5, 2, 6, 4; 4, 2, 5, 3, 1, 6;6;1;1;5;1;6;47,898766;31,026682;53,841844;6;7;6;7;6;7; this dish is colorful and nice.so ichoose this dish;6;7;6;7;6;7; i like chicken sandwitche.so i choose this dish;6;5;6;5;6;5; this dish is colorful.so i choose;6;7;2;6;7;6;6;5;6;46 - 55;1;interesting;Study 1
93124;2020-11-25 09:24:21.486457;2020-11-25 09:39:02.683262;True;2;3;4;3, 1, 5, 2, 6, 4; 2, 1, 4, 3, 6, 5; 1, 5, 3, 4, 2, 6;2;1;5;1;1;5;88,275086;494,964884;40,413585;5;7;6;5;3;6; i decided based on the ingredients and how much i loved it;6;5;6;2;4;4; just followed recommendation;6;7;5;5;4;4; i simply followed the recommendation;5;3;2;6;5;5;6;7;3;26 - 35;1;;Study 1
81519;2020-11-25 09:35:18.548466;2020-11-25 09:43:11.704424;True;1;2;4;1, 5, 4, 2, 6, 3; 3, 1, 5, 2, 6, 4; 1, 5, 3, 4, 2, 6;5;1;1;5;1;5;67,012208;61,267545;43,512123;4;6;5;6;2;5; Eggplant has good health benefits;3;6;4;5;6;6; Chicken has protein;6;6;5;6;4;5; Tilapia is very taste and has protein;6;5;2;6;5;6;4;6;5;46 - 55;1;Good;Study 1
41082;2020-11-25 09:40:59.605929;2020-11-25 09:44:10.655718;True;1;2;5;1, 5, 4, 2, 6, 3; 3, 1, 5, 2, 6, 4; 4, 2, 5, 3, 1, 6;6;5;1;5;1;1;19,913901;37,270739;21,750407;5;6;5;6;6;5; It seems to be attractive.;6;5;7;6;5;6; It seems to be attractive.;5;6;5;4;5;6; It seems to be attractive.;5;6;2;5;4;5;4;6;5;26 - 35;2;Interesting and thoughtful.;Study 1
89713;2020-11-25 09:34:33.918478;2020-11-25 09:44:13.878814;True;1;2;4;1, 5, 4, 2, 6, 3; 3, 1, 5, 2, 6, 4; 1, 5, 3, 4, 2, 6;1;4;1;5;1;5;271,870414;55,013059;36,066633;4;7;7;6;6;7; very spicy food;4;6;7;5;6;7; grilled veggie is to tasty.;6;7;7;7;6;7; this yoummy Tilapia with Dil Sauce;6;7;2;5;6;7;6;7;6;26 - 35;2;good;Study 1
19092;2020-11-25 09:29:30.159170;2020-11-25 09:47:27.215361;True;1;2;5;1, 5, 4, 2, 6, 3; 3, 1, 5, 2, 6, 4; 4, 2, 5, 3, 1, 6;4;4;6;5;1;4;137,05254;252,170279;87,828177;4;7;5;6;7;6; The Taste;6;5;6;7;6;7; I like this;6;5;6;6;7;5; Taste;6;5;2;5;6;7;6;5;6;26 - 35;2;Nice;Study 1
99248;2020-11-25 09:36:10.749879;2020-11-25 09:48:17.363639;True;1;2;4;1, 5, 4, 2, 6, 3; 3, 1, 5, 2, 6, 4; 1, 5, 3, 4, 2, 6;6;1;5;5;1;5;179,165998;92,735951;101,896914;2;6;6;6;6;6; It looks attractive, Has low fat compared to others and have some good amount pf protein, Calories and carbohydrates.;2;6;6;6;6;6; I love the recipes, love chicken sandwiches especially with the Zang. Has some good amount of protein, calories and carbohydrates.;1;6;6;6;6;6; I love salmon, and would choose baked salmon with pecan crunch  over others in the category because it looks more attractive and some some good quantity of calories.;6;6;2;6;6;7;6;6;6;26 - 35;2;Fascinating!;Study 1
54653;2020-11-25 09:34:46.131556;2020-11-25 09:48:24.517418;True;1;2;5;1, 5, 4, 2, 6, 3; 3, 1, 5, 2, 6, 4; 4, 2, 5, 3, 1, 6;4;6;3;5;1;3;78,088937;305,584417;73,479837;6;6;6;7;6;6; I looks tasty and tempting me to eat;7;6;5;3;6;5; I wont take much time to prepare and we can make it easily;5;6;6;7;6;6; I love brownies and i live to eat brownies.;6;5;2;6;6;5;5;6;6;36 - 45;2;;Study 1
20914;2020-11-25 09:23:33.098536;2020-11-25 09:49:26.909763;True;1;4;5;1, 5, 4, 2, 6, 3; 1, 5, 3, 4, 2, 6; 4, 2, 5, 3, 1, 6;1;3;2;5;5;2;115,220619;54,63199;48,855009;6;7;6;5;6;3; it is red onion in place of the green ones and sauteed them in olive oil instead of butter.;5;7;6;6;4;6; this dish looks and tastes complicated but goes together very quickly and easily.;5;7;6;5;5;7; tastes great but way too much fat and sugar. there are 4 tablespoons of sugar in this so thats almost 200 calories right there right there and 48 grams of sugar.thats crazy. it will be very tasty.;7;6;2;6;5;6;5;6;5;older than 55;1;it was very useful.;Study 1
33984;2020-11-25 10:14:17.180459;2020-11-25 10:18:18.615771;True;1;2;3;1, 5, 4, 2, 6, 3; 3, 1, 5, 2, 6, 4; 2, 1, 4, 3, 6, 5;1;1;1;5;1;1;35,196417;23,370203;25,131734;5;4;5;6;5;4; the dish very atractive;5;4;6;5;4;4; very sweet;4;5;6;5;4;5; very tastety;4;5;2;4;3;5;4;6;4;36 - 45;1;very interesting the survey;Study 1
17717;2020-11-25 10:13:42.426732;2020-11-25 10:18:34.252473;True;1;3;4;1, 5, 4, 2, 6, 3; 2, 1, 4, 3, 6, 5; 1, 5, 3, 4, 2, 6;5;2;1;5;1;5;54,763235;17,391048;37,57435;1;6;7;7;7;7; IT WAS VERY COLORFUL;2;7;6;6;6;4; PRESENTATION WAS VERY WELL;6;7;6;7;7;6; PRESENTETION  WAS VERY WELL;5;6;2;5;6;5;5;6;6;36 - 45;2;IT WAS VERY NICE;Study 1
34519;2020-11-25 10:14:01.011471;2020-11-25 10:19:51.987797;True;2;3;5;3, 1, 5, 2, 6, 4; 2, 1, 4, 3, 6, 5; 4, 2, 5, 3, 1, 6;4;4;3;1;1;2;48,282435;23,972399;27,569357;5;6;7;6;5;6; very tasty and i tryed it.;5;6;4;6;5;5; very tasty and intrested cook.;6;7;6;5;6;7; this my faviorate one so i choose.;6;7;2;4;5;6;7;6;5;36 - 45;2;;Study 1
19751;2020-11-25 10:14:00.180358;2020-11-25 10:20:34.727129;True;1;3;4;1, 5, 4, 2, 6, 3; 2, 1, 4, 3, 6, 5; 1, 5, 3, 4, 2, 6;1;1;3;5;1;5;53,141585;15,701414;37,605674;3;7;6;5;6;7; healthy and nutrient-rich food you should certainly include in your everyday diet. You may hate spinach, but it is a wonderful source of iron, folate;7;4;5;6;7;6; healthy and nutrient-rich food you should certainly include in your everyday diet. You may hate spinach, but it is a wonderful source of iron, folate;7;5;6;6;7;6; Grilled Salmon fish like fluke, tilapia and flounder cook best on the grill or in the oven when they are wrapped in foil.;6;7;2;6;6;7;6;5;5;26 - 35;1;this study was such a nice dishing experience .;Study 1
59741;2020-11-25 10:14:30.862560;2020-11-25 10:21:28.976145;True;1;4;5;1, 5, 4, 2, 6, 3; 1, 5, 3, 4, 2, 6; 4, 2, 5, 3, 1, 6;3;6;6;5;5;4;72,369012;53,593406;37,749112;5;6;5;6;5;6; VERY NICE RECIPE;5;6;5;6;5;6; VERY NICE RECIPE;5;6;5;6;5;6; VERY NICE;5;6;2;6;5;6;5;6;5;younger than 26;2;NICE;Study 1
21784;2020-11-25 10:14:12.270637;2020-11-25 10:22:16.507610;True;1;3;5;1, 5, 4, 2, 6, 3; 2, 1, 4, 3, 6, 5; 4, 2, 5, 3, 1, 6;3;1;1;5;1;6;125,866732;38,725587;76,232942;1;7;7;6;3;6; VERY ATTRACTIVE AND LIKEABLE;1;7;7;7;5;5; FULLY ATTRACTIVE AND I THINK THE TASTE WAS GOOD.\r\n;1;7;6;6;5;7; FULL OF DELICIOUS;7;7;2;7;6;7;7;7;6;26 - 35;1;VERY EXCELLENT;Study 1
23709;2020-11-25 10:12:39.893260;2020-11-25 10:22:49.490585;True;1;2;5;1, 5, 4, 2, 6, 3; 3, 1, 5, 2, 6, 4; 4, 2, 5, 3, 1, 6;1;1;2;5;1;4;133,720319;27,236086;69,287392;6;5;6;5;6;5; I LIKE THIS FLVOUR;6;5;6;5;6;5; I LIKE THIS SANDWICH;6;5;6;5;6;5; THE CAKE IS WONDERFUL;6;5;2;6;5;6;5;6;5;older than 55;1;I LIKE THIS SURVEY;Study 1
65332;2020-11-25 10:17:28.040778;2020-11-25 10:25:37.796396;True;1;3;5;1, 5, 4, 2, 6, 3; 2, 1, 4, 3, 6, 5; 4, 2, 5, 3, 1, 6;4;2;3;5;1;2;17,332076;29,717336;22,523027;5;6;7;6;5;6; very tasty and i loved it.;5;6;7;6;5;6; This is my faviorate and tasty.;5;6;7;6;5;6; very tasty and my faviorate so i choose it.;6;7;2;4;5;6;5;6;6;36 - 45;1;;Study 1
75105;2020-11-25 10:15:11.012821;2020-11-25 10:26:02.636478;True;1;2;4;1, 5, 4, 2, 6, 3; 3, 1, 5, 2, 6, 4; 1, 5, 3, 4, 2, 6;3;4;2;5;1;5;105,67306;50,701564;51,331159;5;1;4;5;4;3; It looks very delicious and colorful;5;6;3;4;3;6; it os very colorful and hot;4;5;3;2;6;5; It looks very good and it is very delicious;4;7;2;5;5;3;5;6;4;26 - 35;1;none;Study 1
84123;2020-11-25 10:27:04.495259;2020-11-25 10:31:45.742689;True;2;3;4;3, 1, 5, 2, 6, 4; 2, 1, 4, 3, 6, 5; 1, 5, 3, 4, 2, 6;1;1;1;1;1;5;44,591443;35,30068;32,583453;4;5;5;6;6;5; i like chicken;5;6;6;7;6;7; like it;5;6;7;6;7;7; good;4;5;2;5;4;6;6;7;6;younger than 26;1;good;Study 1
46314;2020-11-25 10:27:16.401989;2020-11-25 10:32:33.559487;True;1;2;5;1, 5, 4, 2, 6, 3; 3, 1, 5, 2, 6, 4; 4, 2, 5, 3, 1, 6;6;4;6;5;1;4;38,618064;25,530322;61,433339;6;7;6;6;7;6; i want to taste this so i make my decision;6;5;6;6;7;6; my favorite dish so ;6;7;6;5;6;7; this is one of my favorite;6;7;2;5;6;7;6;5;6;26 - 35;1;nice;Study 1
87646;2020-11-25 10:20:19.483941;2020-11-25 10:39:59.326904;True;1;3;5;1, 5, 4, 2, 6, 3; 2, 1, 4, 3, 6, 5; 4, 2, 5, 3, 1, 6;3;5;6;5;1;6;101,240502;51,050935;48,556054;6;7;6;5;6;7; This dish is pretty good, and tastes great. A few things I would change: 1. Refrigerate the ricotta cheese mixture while prepping the rest of the ingredients. Maybe even longer. The mixture becomes very watery while baking. 2. Cook the zucchini(while cheese mix is in the fridge). The zucchini does not get soft while in the oven - even with cooking ;5;7;4;6;5;6; Truth be told, if someone told me that a vegan pumpkin pasta can taste as creamy and delicious as a pasta with butter and cheese, I would have probably ignored it as a ridiculous rumour. But when I tried making it in my own kitchen as an experiment;6;5;7;5;6;7; Home  Recipes  Chocolate Strawberry Shortcakes\r\n\r\nCHOCOLATE STRAWBERRY SHORTCAKES\r\nJuly 30, 2018 by Trang 2 Comments\r\n\r\n Jump to Recipe  Print Recipe\r\n233\r\nSHARES\r\nShare\r\nTweet\r\nPin\r\nThese Chocolate Strawberry Shortcakes are the perfect portion of dessert. Every bite is filled with scrumptious chocolate biscuits, fluffy whipped cream and sweet juicy strawberries.\r\nChocolate Strawberry Shortcakes on a plateStrawberry shortcake is such a quintessential summer dessert. Its bright and fresh, exactly what we want on a hot summer day. But we can make it even better by making Chocolate Strawberry Shortcakes;6;7;2;4;6;7;6;7;7;36 - 45;2;as one good survey like most  one;Study 1
53151;2020-11-25 10:51:16.467774;2020-11-25 10:55:26.790034;True;1;3;4;1, 5, 4, 2, 6, 3; 2, 1, 4, 3, 6, 5; 1, 5, 3, 4, 2, 6;4;5;5;5;1;5;24,819694;27,505274;29,328968;6;5;7;6;5;6; Very spicy;5;6;5;7;6;6; Pasta is my favourite food;5;4;6;5;7;6; My favuortite dishes;5;6;2;5;4;6;5;4;5;26 - 35;2;Pleasant;Study 1
38773;2020-11-25 11:29:51.268820;2020-11-25 11:32:10.667034;True;1;3;4;1, 5, 4, 2, 6, 3; 2, 1, 4, 3, 6, 5; 1, 5, 3, 4, 2, 6;1;2;3;5;1;5;30,382427;20,258951;23,198846;5;6;7;7;7;7; IT LOOKS LIKE JUICY;6;7;7;7;6;7; IT LOOKS VERY BEAUTIFUL;6;7;7;7;6;7; IT WAS VERY COLOURFUL;7;6;2;5;5;7;6;7;7;46 - 55;1;NICE;Study 1
54081;2020-11-25 11:21:43.809203;2020-11-25 11:37:56.632713;True;1;2;5;1, 5, 4, 2, 6, 3; 3, 1, 5, 2, 6, 4; 4, 2, 5, 3, 1, 6;5;1;1;5;1;1;157,528545;98,488465;118,758133;6;5;6;6;5;6; because of i like that;5;6;5;6;5;6; somewhat;5;6;6;5;6;6; yummy;5;6;2;5;6;5;6;5;6;36 - 45;2;none;Study 1
30157;2020-11-25 11:49:38.726524;2020-11-25 11:54:22.033008;True;1;2;3;1, 5, 4, 2, 6, 3; 3, 1, 5, 2, 6, 4; 2, 1, 4, 3, 6, 5;4;1;2;5;1;1;18,785751;15,833255;19,675709;5;6;5;5;6;5; NICE FANTASTIC;5;6;5;6;5;6; WONDERFUL;5;6;5;6;6;5; NICE;5;6;2;5;6;5;6;6;6;younger than 26;2;NICE;Study 1
33595;2020-11-25 12:48:16.324707;2020-11-25 12:56:07.439485;True;1;3;4;1, 5, 4, 2, 6, 3; 2, 1, 4, 3, 6, 5; 1, 5, 3, 4, 2, 6;6;3;4;5;1;5;89,969528;88,500615;66,564262;7;5;6;5;7;6; Taste and reciepe;5;7;6;4;6;5; TASTE AND RECIPE;6;5;5;6;5;7; RECIPE;5;6;2;5;4;7;5;6;6;26 - 35;1;;Study 1
4463;2021-01-11 12:23:41.233271;2021-01-11 12:33:32.504312;True;1;2;5;1, 5, 4, 2, 6, 3; 3, 1, 5, 2, 6, 4; 4, 2, 5, 3, 1, 6;5;1;5;5;1;5;99,930403;48,372196;44,612531;5;7;6;3;7;6; It looks very flavourable as well as the recipe is somewhat easy for me to cook. I belive that  it wil be the tastier dish that I ever goona cook.;7;5;4;2;4;4; The dish looks perfect for everyone according to me.;1;7;7;6;7;7; I personally like the taste of Raspberry ;6;5;2;5;6;5;3;5;5;older than 55;1;This survey reminded me of the love I have for cooking.;Study 2
7134;2021-01-11 13:17:57.722044;2021-01-11 13:36:48.859073;True;1;3;4;1, 5, 4, 2, 6, 3; 2, 1, 4, 3, 6, 5; 1, 5, 3, 4, 2, 6;2;1;1;5;1;5;101,333614;59,13881;54,039095;6;7;6;5;6;7;" ""If you are entertaining mixed palates this meal will satisfy all tastes. A from-scratch chili that uses many different vegetables as well as beans lentils and tofu to provide that full feeling that chili with meat offers. """;7;6;5;6;7;6; Fill a large pot with lightly salted water and bring to a rolling boil over high heat. Once the water is boiling stir in the Chinese noodles and return to a boil. Cook the noodles uncovered stirring occasionally until they have cooked through about 5 minutes. Drain well in a colander set in the sink. Rinse the noodles with cold water several times to chill then drain again.;6;5;6;7;6;7; This would have been just another fish recipe if not for the sauce serving the two together exceeded any expectations I might have had. The only helpful hint I would even dare to suggest would be to make the sauce the day before to allow the flavors to marry and to serve at room temparture. Outstanding recipe!\r\nRead More;6;7;2;6;7;6;7;6;5;26 - 35;1;very attractive in this survey;Study 2
7911;2021-01-11 11:20:44.315362;2021-01-11 11:27:44.287642;True;2;3;4;3, 1, 5, 2, 6, 4; 2, 1, 4, 3, 6, 5; 1, 5, 3, 4, 2, 6;3;3;5;1;1;5;104,459427;71,584845;63,468757;6;7;7;5;7;7; I happen to like chili garlic sauce and the rest of the ingredients sounded rather good;2;7;7;7;7;7;" ""I like shrimp and I like asparagus. Honestly two of my favorite foods in one dish cant go wrong.""";7;6;6;2;6;6; Honestly they all sounded pretty good I think it was the mustard that put this one over the top;6;6;2;6;6;4;3;3;6;36 - 45;1;Nothing I can really think of to add.;Study 2
9105;2021-01-11 11:17:24.993322;2021-01-11 12:07:16.080935;True;1;3;4;1, 5, 4, 2, 6, 3; 2, 1, 4, 3, 6, 5; 1, 5, 3, 4, 2, 6;5;1;6;5;1;5;63,558534;61,236799;35,637422;2;6;6;6;6;6; I love foods that contains less fat;2;6;6;6;6;6; The food had less calories and it was recommended.;2;6;6;6;6;6; I went for less calories.;6;6;2;6;6;6;6;6;6;26 - 35;1;A very good study.;Study 2
9373;2021-01-11 12:21:31.315491;2021-01-11 12:31:39.599166;True;2;4;5;3, 1, 5, 2, 6, 4; 1, 5, 3, 4, 2, 6; 4, 2, 5, 3, 1, 6;1;4;3;1;5;6;158,35204;89,069341;47,02892;2;6;6;6;7;4; Compare to other dishes I like it most.;3;5;5;3;5;4; I think it taste good more than others ;7;6;6;6;6;4; That was my favorite item;7;5;2;7;5;4;3;3;3;36 - 45;1;This survey make me feel hungry;Study 2
11298;2021-01-11 12:17:26.460830;2021-01-11 12:26:27.276112;True;2;4;5;3, 1, 5, 2, 6, 4; 1, 5, 3, 4, 2, 6; 4, 2, 5, 3, 1, 6;1;3;5;1;5;5;95,763984;30,702174;86,125621;6;7;6;7;6;7; chicken sandwiches with zang is my favourite so i choose them;6;7;6;7;6;7; grilled salmon is famous dish i like this dish;5;6;7;6;5;6; Raspberry White Chocolate Mousse is very famous;5;6;2;6;5;6;7;6;5;26 - 35;1;good;Study 2
11544;2021-01-11 11:24:49.457307;2021-01-11 11:34:04.414180;True;1;4;5;1, 5, 4, 2, 6, 3; 1, 5, 3, 4, 2, 6; 4, 2, 5, 3, 1, 6;6;3;2;5;5;2;144,78258;50,910334;41,030058;3;7;6;5;6;6; So Delicious;3;7;6;5;6;5; Spicy;4;6;6;5;6;6; Tasty;7;6;2;5;5;7;5;6;6;26 - 35;1;Excellent;Study 2
12079;2021-01-11 12:15:51.611639;2021-01-11 12:24:53.175434;True;1;4;5;1, 5, 4, 2, 6, 3; 1, 5, 3, 4, 2, 6; 4, 2, 5, 3, 1, 6;5;5;5;5;5;5;85,582189;29,631259;48,968958;6;7;2;4;2;5; Parmigiana Italian also called parmigiana di melanzane or melanzane alla parmigiana is an Italian dish.;6;7;3;5;3;4; Grilled or Steamed Vegetables. Flakier fish like fluke tilapia and flounder cook best on the grill or in the oven when they are wrapped in foil.;6;7;4;5;2;6; it is a rich source of minerals: Chocolate has an abundance of minerals such as potassium zinc and selenium and is also a rich source of iron. ;5;7;2;4;6;1;5;7;4;26 - 35;1;none;Study 2
12433;2021-01-11 11:29:46.095566;2021-01-11 11:35:59.029106;True;2;3;5;3, 1, 5, 2, 6, 4; 2, 1, 4, 3, 6, 5; 4, 2, 5, 3, 1, 6;1;4;1;1;1;1;57,241872;63,704495;77,023581;5;6;6;4;4;5; Looked appetizing and had favorable reviews.;6;6;4;3;6;6; I liked the look and sound of its name and ingredients.;6;6;4;2;4;5; Looks very appetizing.;5;3;2;6;5;3;2;1;6;26 - 35;1;No real comment at this time. The survey seemed fine to me.;Study 2
12961;2021-01-11 11:25:15.070584;2021-01-11 11:30:30.585313;True;1;2;4;1, 5, 4, 2, 6, 3; 3, 1, 5, 2, 6, 4; 1, 5, 3, 4, 2, 6;5;1;5;5;1;5;21,309727;48,810704;40,678553;6;7;6;5;6;4; IT WILL HAVE FULL OF EGG PROTIEN;5;6;7;6;5;5; THIS DISH HAVE FULL OG VEGETABLES  IT WILL GIVE ALL VITAMINS TO OUR BODY;5;6;6;5;6;7; SALMON FISH HAVE LOT OF PROTINES;5;6;2;7;6;5;6;7;6;26 - 35;2;NICE SURVEY;Study 2
13730;2021-01-11 13:51:36.956427;2021-01-11 13:59:07.057908;True;1;4;5;1, 5, 4, 2, 6, 3; 1, 5, 3, 4, 2, 6; 4, 2, 5, 3, 1, 6;5;5;2;5;5;2;66,193345;53,24861;81,072433;1;7;7;6;6;6; its picture looks very attractive and when I seen this picture I feel hungry to eat ;1;7;7;6;6;7; I like its contents and I like all fish dishes and its look very tasty ;1;6;7;6;6;6; I like somewhat chocolate cake but not too much but its design and ingredients feel me to eat it ;6;7;2;6;6;7;6;5;6;26 - 35;1;Very much interesting survey ;Study 2
15621;2021-01-11 11:55:52.341019;2021-01-11 12:01:27.418089;True;1;2;4;1, 5, 4, 2, 6, 3; 3, 1, 5, 2, 6, 4; 1, 5, 3, 4, 2, 6;5;1;5;5;1;5;29,153339;40,424037;23,481724;5;6;6;5;6;7; It is one of my favrite .;5;6;7;6;7;6; This food is very delicious. and very teastley.;5;6;5;6;7;6; I like it verymuch.;5;6;2;5;6;5;7;5;6;26 - 35;2;Interesting.;Study 2
19498;2021-01-11 11:25:40.296058;2021-01-11 11:51:54.521829;True;1;2;4;1, 5, 4, 2, 6, 3; 3, 1, 5, 2, 6, 4; 1, 5, 3, 4, 2, 6;6;5;3;5;1;5;22,23556;28,690263;27,521687;6;7;7;7;7;6; I love black bean veggine burgers.;6;7;7;7;7;7; I like zucchini grinders.;6;7;7;7;7;6; I love grilled salmon.;6;7;2;7;6;7;7;7;7;younger than 26;1;Good survey;Study 2
22244;2021-01-11 13:21:39.798662;2021-01-11 13:29:34.843705;True;1;4;5;1, 5, 4, 2, 6, 3; 1, 5, 3, 4, 2, 6; 4, 2, 5, 3, 1, 6;5;5;2;5;5;2;97,423347;46,461209;69,612558;6;7;5;6;7;7; good food;6;7;6;5;6;6; like food;7;6;6;7;6;6; favourite;7;6;2;4;5;7;6;6;6;26 - 35;2;interesting;Study 2
23521;2021-01-11 12:33:58.838766;2021-01-11 12:46:08.984578;True;2;3;4;3, 1, 5, 2, 6, 4; 2, 1, 4, 3, 6, 5; 1, 5, 3, 4, 2, 6;2;3;3;1;1;5;177,715457;69,862718;70,907348;1;7;6;6;6;7; The sandwich was attractive due to the combination of seasonings and the image that presented a meat with an attractive color and that conveyed a certain juiciness. In addition I identified with all the flavors used in the recipe.;7;7;7;6;6;7;" ""\r\nThe choice was based on my previous experiences with pasta and seafood. I believe it is a combination that is already familiar to me and that I like a lot and thats why it attracted me the most""";6;6;5;2;6;6; I like fish in general. However in this case the Grilled Salmon recipe was the one that showed the best appearance for the image and in addition I believe that its recipe proved to be simpler and more traditional which ended up attracting me more than the others.;7;6;2;7;7;6;2;6;7;younger than 26;1;;Study 2
25929;2021-01-11 11:16:17.965249;2021-01-11 11:44:25.140640;True;1;2;5;1, 5, 4, 2, 6, 3; 3, 1, 5, 2, 6, 4; 4, 2, 5, 3, 1, 6;3;3;4;5;1;4;328,082855;297,054041;260,714373;7;6;6;2;6;6;Its something that I have never seen before, using zuccini as if it were pasta.;7;6;5;1;5;5;I love Vietnamese food, and I liked the combination of spices, herbs, and condiments used.;6;6;5;2;5;5;I love the taste of chocolate truffles, and I didnt know that it was easy to make your own from scratch.;7;5;2;7;7;6;6;2;6;46 - 55;1;"""Id enjoy picking my favorites from all of the categories";Study 2
26007;2021-01-11 11:15:27.167595;2021-01-11 11:19:40.774944;True;3;4;5;2, 1, 4, 3, 6, 5; 1, 5, 3, 4, 2, 6; 4, 2, 5, 3, 1, 6;5;6;4;1;5;4;41,069095;19,704804;46,793982;7;6;7;7;7;6; Pasta is more favorite to me;7;6;7;7;7;6; Look like very neet;7;6;7;7;7;7; more healthy;7;6;2;7;6;7;7;6;7;46 - 55;2;Will give some information extra.;Study 2
26604;2021-01-11 11:22:34.552831;2021-01-11 11:38:40.166481;True;1;2;4;1, 5, 4, 2, 6, 3; 3, 1, 5, 2, 6, 4; 1, 5, 3, 4, 2, 6;6;4;4;5;1;5;192,611122;128,576618;131,508803;5;7;7;2;2;7; It includes lot of vegetables and same equal to modern one also very healty food too.;1;7;7;7;6;7; It consist lot of vegetable and nature products. So I..;4;7;7;5;6;7;" ""It also consist tasty and healthy products. Also its looking good.""";7;5;2;7;7;7;7;7;7;26 - 35;1;I am very luckiest one to participate in it. Thanks.;Study 2
28333;2021-01-11 11:16:00.842240;2021-01-11 11:30:38.351507;True;2;3;4;3, 1, 5, 2, 6, 4; 2, 1, 4, 3, 6, 5; 1, 5, 3, 4, 2, 6;1;1;5;1;1;5;150,842131;44,260063;28,655234;5;6;7;6;5;6; very easy to cook and attractive. i love this receipe. and also i love chicken very much so i picked this item.;6;5;7;6;6;7; i love noodles and easily cooking this item. very delicious receipe. i love this receipe. looking very nice.;6;7;6;5;6;6; i love butter receipe so i choose this option. very delicious receipe;3;6;2;4;6;5;6;5;6;26 - 35;1;i love food. so this survey is very interesting ;Study 2
29581;2021-01-11 11:34:51.291078;2021-01-11 11:42:56.430237;True;1;2;3;1, 5, 4, 2, 6, 3; 3, 1, 5, 2, 6, 4; 2, 1, 4, 3, 6, 5;3;1;1;5;1;1;137,562062;52,690833;33,662052;6;5;6;6;5;6; just taste at one time;6;6;5;4;5;6; its yummy and tasty;6;4;5;6;5;6; just taste it;6;5;2;4;5;5;6;6;6;26 - 35;1;;Study 2
31351;2021-01-11 12:16:34.473288;2021-01-11 12:24:32.279870;True;2;3;4;3, 1, 5, 2, 6, 4; 2, 1, 4, 3, 6, 5; 1, 5, 3, 4, 2, 6;1;6;5;1;1;5;74,193593;69,512427;52,120663;2;6;6;5;6;6; I like sandwiches mostly.SoI could came to this decision;2;6;6;5;6;5; I like pasta .This is very attractive;3;6;6;5;6;6; 90% of the people liked this.soI could come to this decision;6;7;2;6;5;6;6;7;6;26 - 35;1;Nice;Study 2
39610;2021-01-11 11:19:19.393526;2021-01-11 11:24:46.082843;True;1;3;4;1, 5, 4, 2, 6, 3; 2, 1, 4, 3, 6, 5; 1, 5, 3, 4, 2, 6;5;2;2;5;1;5;48,36831;27,669287;44,341886;1;7;7;7;7;7;" ""Its the one dish I really like.""";1;7;7;7;7;7;" ""Its the recipe I like the most""";5;7;6;6;6;7;" ""There were 2 I wanted so I picked the one I know I cant make at home.""";7;6;2;7;6;6;7;6;4;36 - 45;1;"""I work in the restuarant industry.  I dont know if thats relevant but I thought I should mention it.""";Study 2
40071;2021-01-11 11:37:41.886256;2021-01-11 11:42:41.012978;True;2;3;5;3, 1, 5, 2, 6, 4; 2, 1, 4, 3, 6, 5; 4, 2, 5, 3, 1, 6;1;1;5;1;1;3;54,012573;35,955633;78,69184;5;6;6;4;6;6; It had a high rating many people seemed to like it.;6;6;4;3;4;4; It had a high rating/favorited by many.;3;7;7;7;7;7; Short cooking time sounds really good. I love raspberry and white chocolate.;7;6;2;7;7;6;6;6;5;younger than 26;2;;Study 2
42180;2021-01-11 11:23:04.549663;2021-01-11 11:35:32.009746;True;1;4;5;1, 5, 4, 2, 6, 3; 1, 5, 3, 4, 2, 6; 4, 2, 5, 3, 1, 6;5;6;6;5;5;3;105,665315;103,628074;94,034816;5;7;6;3;7;7; It is very attractive and its ingredients are impressive to me.;5;7;7;3;7;7; I like its appearance and its cooking time is just a few minutes.;4;7;7;4;7;7; I like its color plus it does not have alot of protein.;7;5;2;7;6;7;6;6;4;26 - 35;1; The survey was interesting and engaging.;Study 2
42492;2021-01-11 11:15:26.454691;2021-01-11 11:24:38.797314;True;3;4;5;2, 1, 4, 3, 6, 5; 1, 5, 3, 4, 2, 6; 4, 2, 5, 3, 1, 6;1;5;2;1;5;3;26,537809;22,751075;47,838588;6;5;4;5;6;5; actully this pasta are relly yemmy ..;6;5;7;6;5;4; wow thisis my favurite food one of them ;6;5;4;5;4;5; my famliy member also like his and its looking are too good ;5;6;2;6;5;4;5;6;5;younger than 26;1;;Study 2
47978;2021-01-11 12:45:18.414922;2021-01-11 12:52:56.580414;True;2;3;4;3, 1, 5, 2, 6, 4; 2, 1, 4, 3, 6, 5; 1, 5, 3, 4, 2, 6;1;6;6;1;1;5;57,511298;43,526715;50,050247;1;6;6;6;6;7; The chicken sandwich was one that I can invision and see myself eating.;5;6;6;5;6;6; Many of the recipes had mushrooms or appeared unhealthier than this item.;6;6;6;2;6;6; I actually make a similar dish often and love it.;7;6;2;7;7;6;6;5;4;36 - 45;2;"The last question regarding ""the system guided me"" is a confusing one.";Study 2
50226;2021-01-11 12:16:26.036850;2021-01-11 12:22:18.321270;True;1;2;4;1, 5, 4, 2, 6, 3; 3, 1, 5, 2, 6, 4; 1, 5, 3, 4, 2, 6;5;1;5;5;1;5;87,36372;39,794621;35,673329;3;6;5;5;6;4; just go with the recomendation;2;4;5;5;6;4; just go with the recomendation;3;5;5;6;5;4; just go with the recomendation and the cooking time was really  quick ;4;5;2;4;6;5;4;5;5;26 - 35;1;;Study 2
54191;2021-01-11 11:28:54.523470;2021-01-11 11:38:53.366732;True;2;3;5;3, 1, 5, 2, 6, 4; 2, 1, 4, 3, 6, 5; 4, 2, 5, 3, 1, 6;6;1;3;1;1;2;99,463648;59,050802;62,398698;1;7;7;6;7;7; It looks presentable and obviously will be delicious ;2;6;7;6;7;7; looks sweet and delicious ;1;6;7;7;6;7; i like it looks;6;7;2;7;6;7;7;6;7;36 - 45;1;very interactive study ;Study 2
56576;2021-01-11 11:15:22.360258;2021-01-11 11:34:24.311290;True;1;2;4;1, 5, 4, 2, 6, 3; 3, 1, 5, 2, 6, 4; 1, 5, 3, 4, 2, 6;5;1;5;5;1;5;112,039545;118,063464;99,569483;3;3;4;4;6;6; I used the overall rating to make my decision ;3;6;4;4;4;4; It looks very appealing would like to try ;6;6;4;4;4;2; I love Salmon;5;2;2;5;4;4;6;6;2;26 - 35;2;no feedback to give;Study 2
58014;2021-01-11 13:18:03.899313;2021-01-11 13:25:58.258397;True;1;4;5;1, 5, 4, 2, 6, 3; 1, 5, 3, 4, 2, 6; 4, 2, 5, 3, 1, 6;5;4;2;5;5;3;82,100215;50,643205;65,057652;5;7;5;7;6;6; Because its ie mostly liked by many people so also its tasty is very good.;6;7;5;4;5;5; Its has more kcal content in it also my favouret dish;6;7;6;5;5;6;  the dessert that is ready in less than 10 minutes! Chocolate chips make this recipe even better and many people are like very much;5;6;2;5;6;7;6;6;7;46 - 55;1;nice thanks;Study 2
58208;2021-01-11 12:16:37.377060;2021-01-11 12:30:41.340524;True;2;3;4;3, 1, 5, 2, 6, 4; 2, 1, 4, 3, 6, 5; 1, 5, 3, 4, 2, 6;1;1;3;1;1;5;132,163937;63,71655;84,715569;1;7;7;7;7;7;" ""The picture looks most attractive and appealing among all and I am a lover of chicken and Sandwiches so Id always chose anything that has chicken in it""";1;7;7;7;7;7; The meal looks delicious and appealing and I love everything in the recipe it would be a great meal to have;1;7;7;7;7;7; I chose this because it looks very tasty and well made and the recipe is very simple ;7;7;2;7;7;7;7;7;7;26 - 35;1;Great survey;Study 2
59270;2021-01-11 11:41:10.611540;2021-01-11 11:47:17.436620;True;2;3;5;3, 1, 5, 2, 6, 4; 2, 1, 4, 3, 6, 5; 4, 2, 5, 3, 1, 6;1;1;3;1;1;5;47,771175;45,31464;59,907418;1;7;7;6;7;7; It seemed to have all the ingredients that I like in a sandwich.;2;4;4;5;4;4; I think this is a well rounded dish with a lot of good ingredients.;6;7;7;3;7;6; Coconut is my favorite and paired with chocolate brownies would be heaven.;6;5;2;7;6;7;6;4;6;26 - 35;2;Thank you - I enjoyed the survey!;Study 2
66056;2021-01-11 11:42:35.124221;2021-01-11 11:52:11.970241;True;2;3;5;3, 1, 5, 2, 6, 4; 2, 1, 4, 3, 6, 5; 4, 2, 5, 3, 1, 6;4;1;6;1;1;6;115,131945;74,776029;78,626145;1;7;7;7;7;7; It reminds me of a grilled Subway sandwich that I really enjoy.;1;7;7;7;7;7; I have had a dish like this before and I like the color taste and veggies used.;6;7;6;6;6;7; I have never had  this and it looks amazing tasting with strawberries being one of my favorite.;7;7;2;7;7;5;5;3;4;36 - 45;1;Kind of hungry now haha. Thanks for your time.;Study 2
70837;2021-01-11 11:29:20.307123;2021-01-11 11:44:09.613787;True;2;3;4;3, 1, 5, 2, 6, 4; 2, 1, 4, 3, 6, 5; 1, 5, 3, 4, 2, 6;1;1;3;1;1;5;136,689011;67,028982;31,145874;5;7;7;7;7;7; I love chicken sandwiches with zang .;5;7;7;7;7;5; I like shanghai noodle salad.;5;7;7;7;7;6; I like grilled salmon .;7;6;2;7;6;7;7;6;7;26 - 35;1;Nice survey;Study 2
77583;2021-01-11 11:15:52.647717;2021-01-11 11:26:19.508884;True;1;3;4;1, 5, 4, 2, 6, 3; 2, 1, 4, 3, 6, 5; 1, 5, 3, 4, 2, 6;5;1;5;5;1;5;58,332703;36,527543;80,937172;6;5;7;6;5;6; its healthy and low fat;5;7;6;7;6;5; its very tastey;5;6;5;7;6;5; tastey food;6;2;2;6;7;5;6;5;6;36 - 45;2;good;Study 2
79192;2021-01-11 12:27:20.864338;2021-01-11 12:32:15.708330;True;1;3;5;1, 5, 4, 2, 6, 3; 2, 1, 4, 3, 6, 5; 4, 2, 5, 3, 1, 6;5;1;2;5;1;2;60,827077;26,933217;39,95937;2;6;5;6;7;6; vegetarian food is really good and health benefit;3;6;7;6;6;5; Good receipe;3;6;6;5;7;7; I like the chocolate cake;5;6;2;7;6;6;5;6;7;36 - 45;1;Nice survey;Study 2
83162;2021-01-11 11:15:35.581152;2021-01-11 11:19:00.296756;True;2;3;4;3, 1, 5, 2, 6, 4; 2, 1, 4, 3, 6, 5; 1, 5, 3, 4, 2, 6;6;5;5;1;1;5;34,334256;23,83211;23,969679;1;6;7;5;6;6; I am a fan of grilled cheese and being able to try a different variation is very intriguing for me personally. This would be something i would look forward to trying personally.;1;7;6;7;6;7; This sounds very intriguing because of the uniqueness of the pumpkin.;2;7;6;7;7;6; This sounds the most tasty to me especially with the pecan crunch coating.;6;7;2;6;7;6;7;7;6;26 - 35;1;;Study 2
84388;2021-01-11 12:43:03.605038;2021-01-11 12:46:26.597225;True;2;4;5;3, 1, 5, 2, 6, 4; 1, 5, 3, 4, 2, 6; 4, 2, 5, 3, 1, 6;1;3;5;1;5;2;17,99702;18,187296;64,735136;5;6;7;6;7;6; Chicken Sandwiches with Zang is my favourite so i choose them;5;6;7;6;7;7; grilled salmon is famous dish i like the dish;6;7;6;7;6;7; Raspberry White Chocolate Mousse is very famous dish;5;6;2;6;5;6;7;6;5;26 - 35;1;good;Study 2
84707;2021-01-11 11:24:41.329083;2021-01-11 11:29:59.010974;True;1;2;5;1, 5, 4, 2, 6, 3; 3, 1, 5, 2, 6, 4; 4, 2, 5, 3, 1, 6;6;5;3;5;1;2;18,984352;21,171288;42,316281;5;6;6;7;7;6; black bean burgers and enjoy on a bun;6;5;6;6;7;6; it is good health;6;6;5;5;6;6; Health food for unsweet;6;7;2;6;7;6;7;7;6;26 - 35;1;Nothing;Study 2
85588;2021-01-11 12:22:00.748546;2021-01-11 12:27:06.872679;True;1;3;4;1, 5, 4, 2, 6, 3; 2, 1, 4, 3, 6, 5; 1, 5, 3, 4, 2, 6;4;1;5;5;1;5;81,5352;15,452463;13,291708;4;5;5;6;6;6; Best vegetarian recipes according to readers. 1) Extra Vegetable Fried Rice. Gluten free and easily vegan. 2) Best Lentil Soup. ;5;5;6;6;7;6; pasta is a type of food typically made from an unleavened dough of wheat flour mixed with water or eggs and formed into sheets or other shapes then cooked by boiling or baking;5;5;7;6;5;6; My simple steps for Crunchy Panko-Crusted Cod will ensure your fish turns ... Perfect Baked Salmon with Lentils Quinoa and Lemon Herb Sauce - super healthy;5;5;2;5;5;6;6;6;5;older than 55;2;;Study 2
86915;2021-01-11 12:02:01.623254;2021-01-11 12:05:19.282506;True;3;4;5;2, 1, 4, 3, 6, 5; 1, 5, 3, 4, 2, 6; 4, 2, 5, 3, 1, 6;5;5;2;1;5;2;39,466999;23,022904;51,349723;3;4;5;6;6;7; very tasty;4;5;5;6;6;7; tasty food;3;4;5;5;6;6; tasty;3;4;2;5;5;6;6;7;7;26 - 35;1;none;Study 2
87256;2021-01-11 11:15:15.873099;2021-01-11 11:21:58.469246;True;1;3;5;1, 5, 4, 2, 6, 3; 2, 1, 4, 3, 6, 5; 4, 2, 5, 3, 1, 6;6;1;6;5;1;6;63,041703;49,352349;50,99051;2;7;6;6;5;6; Burger  is  my loveable food . And it is  veg burher so  that  i like for veg mainly  .  ;3;5;6;6;5;6; I chose it because  most  of the  people chose  this. ;1;6;7;6;5;6; I like most strawbery with chokolate so that  i chose this one.;7;5;2;5;7;6;5;5;6;36 - 45;1;No comment. But  i just love to  complete this task . ;Study 2
87984;2021-01-11 12:15:46.782965;2021-01-11 12:29:46.965485;True;1;4;5;1, 5, 4, 2, 6, 3; 1, 5, 3, 4, 2, 6; 4, 2, 5, 3, 1, 6;2;5;1;5;5;1;179,684798;61,976897;56,668052;6;7;6;7;5;4; See more ideas about Vegetarian recipes Whole food recipes Vegan dinners. ... This Lentil and Black Bean Chili is Vegan Gluten Free and only has 300 ... This Avocado Salsa is chunky healthy and flavorful.  I am satisfied with my selection.\r\n;6;5;4;5;6;5; My simple steps for Crunchy Panko-Crusted Cod will ensure your fish turns ... Perfect Baked Salmon with Lentils Quinoa and Lemon Herb Sauce - super healthy.;6;7;6;5;6;4; This white chocolate raspberry cheesecake (and the aforementioned ... All in all this stunning white chocolate raspberry truffle cheesecake is a dessert that will not ... You could also get fancier than raspberry jam and make a raspberry .;4;6;2;7;6;5;6;4;6;36 - 45;1;NICE SURVEY;Study 2
88776;2021-01-11 13:18:34.995791;2021-01-11 13:21:54.604787;True;3;4;5;2, 1, 4, 3, 6, 5; 1, 5, 3, 4, 2, 6; 4, 2, 5, 3, 1, 6;2;5;2;1;5;2;32,686778;27,877754;40,781248;6;6;7;5;1;6; i like it;6;4;5;6;5;6; i like it very much;5;6;4;6;5;6; i like it;6;5;2;5;6;5;6;6;5;26 - 35;1;;Study 2
89066;2021-01-11 12:30:42.067816;2021-01-11 12:43:13.870752;True;1;2;5;1, 5, 4, 2, 6, 3; 3, 1, 5, 2, 6, 4; 4, 2, 5, 3, 1, 6;1;1;6;5;1;6;124,014295;34,846374;64,712845;6;5;6;5;7;4;  These Black Bean and Spinach Enchiladas were a big hit last night! ... Get this all-star easy-to-follow Penne with Butternut Squash and Goat ... Good Veggie Dishes;6;5;6;4;5;6; Chick-Fil-A says its founder invented the chicken sandwich in 1946 ... Ingredients: Chicken tenders bun choice of tomato onion lettuce and sauce. ... that you can find a better place to fill your chicken sandwich craving. ... The chicken is pretty good but there are better places to go for a chicken sandwich.;6;5;6;5;5;6;" ""verything from strawberry cake to fudgy brownies can benefit from the deep-dish ... and weve rounded up some of the best recipes in the category. ... If your head started to spin when you heard about chocolate pizza just .\r\n""";6;5;2;6;5;4;5;6;5;26 - 35;1;NICE SURVEY;Study 2
89676;2021-01-11 12:32:35.311510;2021-01-11 12:41:06.248427;True;2;3;5;3, 1, 5, 2, 6, 4; 2, 1, 4, 3, 6, 5; 4, 2, 5, 3, 1, 6;1;1;2;1;1;2;49,746776;39,320481;38,914051;2;6;7;5;6;5; The outer look seems delicious and mouth wtering.;3;5;5;3;5;4; It was good to see and many people liked this.;3;6;7;5;6;5; It was based on the star rating and many people liked this.;6;7;2;6;5;6;7;5;6;36 - 45;1;The survey was interesting and make the urge to eat.;Study 2
91236;2021-01-11 11:54:11.267338;2021-01-11 12:00:21.187597;True;1;2;3;1, 5, 4, 2, 6, 3; 3, 1, 5, 2, 6, 4; 2, 1, 4, 3, 6, 5;5;4;1;5;1;1;45,503727;59,562945;48,167094;7;6;7;6;5;6; I will chose my decision to taste.;5;6;7;6;6;7; use different varieties;6;6;5;6;7;7; different taste;5;6;2;5;6;7;6;7;6;26 - 35;1;interesting;Study 2
93822;2021-01-11 13:48:40.469037;2021-01-11 13:56:34.233172;True;2;3;5;3, 1, 5, 2, 6, 4; 2, 1, 4, 3, 6, 5; 4, 2, 5, 3, 1, 6;6;1;2;1;1;5;110,078928;56,095219;46,986836;5;6;7;7;6;7; This takes one of my all-time favorite sandwiches the grilled cheese to the next level.;4;7;7;6;7;7;" ""Ive actually had something like this before and it was really good.""";2;7;7;7;7;7; This is quick & easy to make and sounds delicious! ;6;6;2;7;7;4;3;5;7;46 - 55;2;;Study 2
93924;2021-01-11 12:01:23.670542;2021-01-11 12:08:50.723720;True;1;3;4;1, 5, 4, 2, 6, 3; 2, 1, 4, 3, 6, 5; 1, 5, 3, 4, 2, 6;2;1;5;5;1;5;40,761568;37,576298;22,615619;1;6;7;6;5;1; good foods;7;6;5;6;7;7; good;2;3;7;6;5;1; good;7;6;2;6;5;6;7;4;5;26 - 35;2;thank you;Study 2
94562;2021-01-11 11:15:21.507123;2021-01-11 11:23:53.856557;True;1;2;4;1, 5, 4, 2, 6, 3; 3, 1, 5, 2, 6, 4; 1, 5, 3, 4, 2, 6;3;6;6;5;1;5;40,782274;36,135122;41,805582;5;6;7;7;6;6; it is a good health.;6;5;6;6;7;6;" ""sandwichs saturated fat content skyrockets very heart-healthy!""";5;6;6;7;6;7; Spicy grilled fish are cooled down with a fresh crunchy veggie salsa;6;7;2;6;6;7;6;7;6;26 - 35;1;Nice;Study 2
